,index,RES,POS,MOD,Gene,Species,classification,PathogenicMutation
0,265,R,22,[7]Deamidated,ALDOA,HUMAN,Post-translational,False
1,266,R,43,[7]Deamidated,ALDOA,HUMAN,Post-translational,False
2,270,R,56,[7]Deamidated,ALDOA,HUMAN,Post-translational,False
3,272,R,69,[7]Deamidated,ALDOA,HUMAN,Post-translational,False
4,274,F,80,[7]Deamidated,ALDOA,HUMAN,Post-translational,False
5,276,F,94,[7]Deamidated,ALDOA,HUMAN,Post-translational,False
6,280,R,134,[7]Deamidated,ALDOA,HUMAN,Post-translational,False
7,286,R,201,[7]Deamidated,ALDOA,HUMAN,Post-translational,False
8,289,F,244,[7]Deamidated,ALDOA,HUMAN,Post-translational,False
9,290,R,258,[7]Deamidated,ALDOA,HUMAN,Post-translational,False
10,291,F,270,[7]Deamidated,ALDOA,HUMAN,Post-translational,False
11,295,F,300,[7]Deamidated,ALDOA,HUMAN,Post-translational,False
12,300,F,358,[7]Deamidated,ALDOA,HUMAN,Post-translational,False
13,303,T,9,[34]Methyl,ALDOA,HUMAN,Post-translational,False
14,304,E,11,[34]Methyl,ALDOA,HUMAN,Post-translational,False
15,305,K,13,[34]Methyl,ALDOA,HUMAN,Post-translational,False
16,306,E,15,[34]Methyl,ALDOA,HUMAN,Post-translational,False
17,307,K,28,[34]Methyl,ALDOA,HUMAN,Post-translational,False
18,308,I,30,[34]Methyl,ALDOA,HUMAN,Post-translational,False
19,309,L,31,[34]Methyl,ALDOA,HUMAN,Post-translational,False
20,310,D,34,[34]Methyl,ALDOA,HUMAN,Post-translational,False
21,311,E,35,[34]Methyl,ALDOA,HUMAN,Post-translational,False
22,312,S,39,[34]Methyl,ALDOA,HUMAN,Post-translational,False
23,313,I,40,[34]Methyl,ALDOA,HUMAN,Post-translational,False
24,314,K,42,[34]Methyl,ALDOA,HUMAN,Post-translational,False
25,315,R,43,[34]Methyl,ALDOA,HUMAN,Post-translational,False
26,316,L,44,[34]Methyl,ALDOA,HUMAN,Post-translational,False
27,317,Q,45,[34]Methyl,ALDOA,HUMAN,Post-translational,False
28,318,E,50,[34]Methyl,ALDOA,HUMAN,Post-translational,False
29,319,T,52,[34]Methyl,ALDOA,HUMAN,Post-translational,False
30,320,E,53,[34]Methyl,ALDOA,HUMAN,Post-translational,False
31,321,E,54,[34]Methyl,ALDOA,HUMAN,Post-translational,False
32,322,N,55,[34]Methyl,ALDOA,HUMAN,Post-translational,False
33,323,R,69,[34]Methyl,ALDOA,HUMAN,Post-translational,False
34,324,N,71,[34]Methyl,ALDOA,HUMAN,Post-translational,False
35,325,I,74,[34]Methyl,ALDOA,HUMAN,Post-translational,False
36,326,L,79,[34]Methyl,ALDOA,HUMAN,Post-translational,False
37,327,Q,86,[34]Methyl,ALDOA,HUMAN,Post-translational,False
38,328,K,108,[34]Methyl,ALDOA,HUMAN,Post-translational,False
39,329,D,110,[34]Methyl,ALDOA,HUMAN,Post-translational,False
40,330,K,111,[34]Methyl,ALDOA,HUMAN,Post-translational,False
41,331,L,116,[34]Methyl,ALDOA,HUMAN,Post-translational,False
42,332,T,119,[34]Methyl,ALDOA,HUMAN,Post-translational,False
43,333,E,122,[34]Methyl,ALDOA,HUMAN,Post-translational,False
44,334,D,129,[34]Methyl,ALDOA,HUMAN,Post-translational,True
45,335,S,132,[34]Methyl,ALDOA,HUMAN,Post-translational,False
46,336,E,133,[34]Methyl,ALDOA,HUMAN,Post-translational,False
47,337,R,134,[34]Methyl,ALDOA,HUMAN,Post-translational,False
48,338,K,147,[34]Methyl,ALDOA,HUMAN,Post-translational,False
49,339,K,153,[34]Methyl,ALDOA,HUMAN,Post-translational,False
50,340,I,154,[34]Methyl,ALDOA,HUMAN,Post-translational,False
51,341,E,156,[34]Methyl,ALDOA,HUMAN,Post-translational,False
52,342,H,157,[34]Methyl,ALDOA,HUMAN,Post-translational,False
53,343,I,164,[34]Methyl,ALDOA,HUMAN,Post-translational,False
54,344,E,166,[34]Methyl,ALDOA,HUMAN,Post-translational,False
55,345,N,169,[34]Methyl,ALDOA,HUMAN,Post-translational,False
56,346,I,177,[34]Methyl,ALDOA,HUMAN,Post-translational,False
57,347,Q,179,[34]Methyl,ALDOA,HUMAN,Post-translational,False
58,348,Q,180,[34]Methyl,ALDOA,HUMAN,Post-translational,False
59,349,N,181,[34]Methyl,ALDOA,HUMAN,Post-translational,False
60,350,I,186,[34]Methyl,ALDOA,HUMAN,Post-translational,False
61,351,E,188,[34]Methyl,ALDOA,HUMAN,Post-translational,False
62,352,E,190,[34]Methyl,ALDOA,HUMAN,Post-translational,False
63,353,L,199,[34]Methyl,ALDOA,HUMAN,Post-translational,False
64,354,K,200,[34]Methyl,ALDOA,HUMAN,Post-translational,False
65,355,R,201,[34]Methyl,ALDOA,HUMAN,Post-translational,False
66,356,K,230,[34]Methyl,ALDOA,HUMAN,Post-translational,False
67,357,T,235,[34]Methyl,ALDOA,HUMAN,Post-translational,False
68,358,H,238,[34]Methyl,ALDOA,HUMAN,Post-translational,False
69,359,T,241,[34]Methyl,ALDOA,HUMAN,Post-translational,False
70,360,Q,242,[34]Methyl,ALDOA,HUMAN,Post-translational,False
71,361,K,243,[34]Methyl,ALDOA,HUMAN,Post-translational,False
72,362,E,247,[34]Methyl,ALDOA,HUMAN,Post-translational,False
73,363,E,248,[34]Methyl,ALDOA,HUMAN,Post-translational,False
74,364,L,271,[34]Methyl,ALDOA,HUMAN,Post-translational,False
75,365,S,272,[34]Methyl,ALDOA,HUMAN,Post-translational,False
76,366,Q,275,[34]Methyl,ALDOA,HUMAN,Post-translational,False
77,367,S,276,[34]Methyl,ALDOA,HUMAN,Post-translational,False
78,368,E,277,[34]Methyl,ALDOA,HUMAN,Post-translational,False
79,369,E,278,[34]Methyl,ALDOA,HUMAN,Post-translational,False
80,370,L,311,[34]Methyl,ALDOA,HUMAN,Post-translational,False
81,371,K,312,[34]Methyl,ALDOA,HUMAN,Post-translational,False
82,372,K,322,[34]Methyl,ALDOA,HUMAN,Post-translational,False
83,373,E,326,[34]Methyl,ALDOA,HUMAN,Post-translational,False
84,374,E,327,[34]Methyl,ALDOA,HUMAN,Post-translational,False
85,375,K,330,[34]Methyl,ALDOA,HUMAN,Post-translational,False
86,376,E,355,[34]Methyl,ALDOA,HUMAN,Post-translational,False
87,377,S,360,[34]Methyl,ALDOA,HUMAN,Post-translational,False
88,378,H,362,[34]Methyl,ALDOA,HUMAN,Post-translational,False
89,490,Y,3,[35]Oxidation,ALDOA,HUMAN,Post-translational,False
90,492,Y,5,[35]Oxidation,ALDOA,HUMAN,Post-translational,False
91,493,K,14,[35]Oxidation,ALDOA,HUMAN,Post-translational,False
92,496,R,22,[35]Oxidation,ALDOA,HUMAN,Post-translational,False
93,497,P,26,[35]Oxidation,ALDOA,HUMAN,Post-translational,False
94,499,D,34,[35]Oxidation,ALDOA,HUMAN,Post-translational,False
95,503,K,42,[35]Oxidation,ALDOA,HUMAN,Post-translational,False
96,508,D,68,[35]Oxidation,ALDOA,HUMAN,Post-translational,False
97,510,P,72,[35]Oxidation,ALDOA,HUMAN,Post-translational,False
98,512,G,75,[35]Oxidation,ALDOA,HUMAN,Pre-translational,False
99,518,Y,85,[35]Oxidation,ALDOA,HUMAN,Post-translational,False
100,520,P,115,[35]Oxidation,ALDOA,HUMAN,Post-translational,False
101,522,G,118,[35]Oxidation,ALDOA,HUMAN,Pre-translational,False
102,523,N,120,[35]Oxidation,ALDOA,HUMAN,Post-translational,False
103,524,G,121,[35]Oxidation,ALDOA,HUMAN,Pre-translational,False
104,530,P,159,[35]Oxidation,ALDOA,HUMAN,Post-translational,False
105,536,N,167,[35]Oxidation,ALDOA,HUMAN,Post-translational,False
106,537,Y,174,[35]Oxidation,ALDOA,HUMAN,Post-translational,False
107,542,N,181,[35]Oxidation,ALDOA,HUMAN,Post-translational,False
108,543,G,182,[35]Oxidation,ALDOA,HUMAN,Pre-translational,False
109,546,P,185,[35]Oxidation,ALDOA,HUMAN,Post-translational,False
110,550,P,189,[35]Oxidation,ALDOA,HUMAN,Post-translational,False
111,552,Y,214,[35]Oxidation,ALDOA,HUMAN,Post-translational,False
112,553,Y,223,[35]Oxidation,ALDOA,HUMAN,Post-translational,False
113,556,G,226,[35]Oxidation,ALDOA,HUMAN,Pre-translational,False
114,559,K,230,[35]Oxidation,ALDOA,HUMAN,Post-translational,False
115,560,P,231,[35]Oxidation,ALDOA,HUMAN,Post-translational,False
116,561,N,232,[35]Oxidation,ALDOA,HUMAN,Post-translational,False
117,564,P,236,[35]Oxidation,ALDOA,HUMAN,Post-translational,False
118,565,G,237,[35]Oxidation,ALDOA,HUMAN,Pre-translational,False
119,569,P,262,[35]Oxidation,ALDOA,HUMAN,Post-translational,False
120,572,G,267,[35]Oxidation,ALDOA,HUMAN,Pre-translational,False
121,576,G,273,[35]Oxidation,ALDOA,HUMAN,Pre-translational,False
122,577,G,274,[35]Oxidation,ALDOA,HUMAN,Pre-translational,False
123,584,Y,302,[35]Oxidation,ALDOA,HUMAN,Post-translational,False
124,585,G,303,[35]Oxidation,ALDOA,HUMAN,Pre-translational,False
125,586,R,304,[35]Oxidation,ALDOA,HUMAN,Post-translational,False
126,589,Y,328,[35]Oxidation,ALDOA,HUMAN,Post-translational,False
127,590,N,335,[35]Oxidation,ALDOA,HUMAN,Post-translational,False
128,592,G,350,[35]Oxidation,ALDOA,HUMAN,Pre-translational,False
129,598,N,361,[35]Oxidation,ALDOA,HUMAN,Post-translational,False
130,600,Y,364,[35]Oxidation,ALDOA,HUMAN,Post-translational,False
131,774,G,19,[35]Oxidation,HNRNPA1,HUMAN,Pre-translational,False
132,775,G,20,[35]Oxidation,HNRNPA1,HUMAN,Pre-translational,False
133,781,G,38,[35]Oxidation,HNRNPA1,HUMAN,Pre-translational,False
134,784,D,42,[35]Oxidation,HNRNPA1,HUMAN,Post-translational,False
135,788,R,47,[35]Oxidation,HNRNPA1,HUMAN,Post-translational,False
136,789,D,48,[35]Oxidation,HNRNPA1,HUMAN,Post-translational,False
137,793,Y,62,[35]Oxidation,HNRNPA1,HUMAN,Post-translational,False
138,799,D,69,[35]Oxidation,HNRNPA1,HUMAN,Post-translational,False
139,801,N,73,[35]Oxidation,HNRNPA1,HUMAN,Post-translational,False
140,802,R,75,[35]Oxidation,HNRNPA1,HUMAN,Post-translational,False
141,804,K,78,[35]Oxidation,HNRNPA1,HUMAN,Post-translational,False
142,808,D,123,[35]Oxidation,HNRNPA1,HUMAN,Post-translational,False
143,809,Y,124,[35]Oxidation,HNRNPA1,HUMAN,Post-translational,False
144,811,Y,128,[35]Oxidation,HNRNPA1,HUMAN,Post-translational,False
145,819,D,155,[35]Oxidation,HNRNPA1,HUMAN,Post-translational,False
146,821,D,157,[35]Oxidation,HNRNPA1,HUMAN,Post-translational,False
147,822,Y,167,[35]Oxidation,HNRNPA1,HUMAN,Post-translational,False
148,824,N,174,[35]Oxidation,HNRNPA1,HUMAN,Post-translational,False
149,827,G,203,[35]Oxidation,HNRNPA1,HUMAN,Pre-translational,False
150,828,G,204,[35]Oxidation,HNRNPA1,HUMAN,Pre-translational,False
151,829,G,205,[35]Oxidation,HNRNPA1,HUMAN,Pre-translational,False
152,830,R,206,[35]Oxidation,HNRNPA1,HUMAN,Post-translational,False
153,831,G,207,[35]Oxidation,HNRNPA1,HUMAN,Pre-translational,False
154,832,G,335,[35]Oxidation,HNRNPA1,HUMAN,Pre-translational,False
155,833,P,340,[35]Oxidation,HNRNPA1,HUMAN,Post-translational,True
156,834,Y,341,[35]Oxidation,HNRNPA1,HUMAN,Post-translational,False
157,835,G,342,[35]Oxidation,HNRNPA1,HUMAN,Pre-translational,False
158,836,G,343,[35]Oxidation,HNRNPA1,HUMAN,Pre-translational,False
159,837,G,344,[35]Oxidation,HNRNPA1,HUMAN,Pre-translational,False
160,838,G,345,[35]Oxidation,HNRNPA1,HUMAN,Pre-translational,False
161,840,Y,347,[35]Oxidation,HNRNPA1,HUMAN,Post-translational,False
162,843,G,355,[35]Oxidation,HNRNPA1,HUMAN,Pre-translational,False
163,844,G,356,[35]Oxidation,HNRNPA1,HUMAN,Pre-translational,False
164,845,Y,357,[35]Oxidation,HNRNPA1,HUMAN,Post-translational,False
165,846,G,358,[35]Oxidation,HNRNPA1,HUMAN,Pre-translational,False
166,847,G,359,[35]Oxidation,HNRNPA1,HUMAN,Pre-translational,False
167,854,Y,366,[35]Oxidation,HNRNPA1,HUMAN,Post-translational,False
168,855,G,367,[35]Oxidation,HNRNPA1,HUMAN,Pre-translational,False
169,1254,R,14,[7]Deamidated,HNRNPA1,HUMAN,Post-translational,False
170,1255,F,17,[7]Deamidated,HNRNPA1,HUMAN,Post-translational,False
171,1256,F,23,[7]Deamidated,HNRNPA1,HUMAN,Post-translational,False
172,1258,R,47,[7]Deamidated,HNRNPA1,HUMAN,Post-translational,False
173,1260,R,53,[7]Deamidated,HNRNPA1,HUMAN,Post-translational,False
174,1261,F,57,[7]Deamidated,HNRNPA1,HUMAN,Post-translational,False
175,1262,F,59,[7]Deamidated,HNRNPA1,HUMAN,Post-translational,False
176,1264,R,75,[7]Deamidated,HNRNPA1,HUMAN,Post-translational,False
177,1265,R,82,[7]Deamidated,HNRNPA1,HUMAN,Post-translational,False
178,1267,R,122,[7]Deamidated,HNRNPA1,HUMAN,Post-translational,False
179,1268,F,125,[7]Deamidated,HNRNPA1,HUMAN,Post-translational,False
180,1270,R,140,[7]Deamidated,HNRNPA1,HUMAN,Post-translational,False
181,1271,F,148,[7]Deamidated,HNRNPA1,HUMAN,Post-translational,False
182,1272,F,150,[7]Deamidated,HNRNPA1,HUMAN,Post-translational,False
183,1273,F,153,[7]Deamidated,HNRNPA1,HUMAN,Post-translational,False
184,1277,R,178,[7]Deamidated,HNRNPA1,HUMAN,Post-translational,False
185,1279,F,202,[7]Deamidated,HNRNPA1,HUMAN,Post-translational,False
186,1280,R,206,[7]Deamidated,HNRNPA1,HUMAN,Post-translational,False
187,1281,F,210,[7]Deamidated,HNRNPA1,HUMAN,Post-translational,False
188,1284,F,216,[7]Deamidated,HNRNPA1,HUMAN,Post-translational,False
189,1285,F,333,[7]Deamidated,HNRNPA1,HUMAN,Post-translational,False
190,1286,R,336,[7]Deamidated,HNRNPA1,HUMAN,Post-translational,False
191,1290,R,370,[7]Deamidated,HNRNPA1,HUMAN,Post-translational,False
192,1291,R,371,[7]Deamidated,HNRNPA1,HUMAN,Post-translational,False
193,1292,S,36,[385]Ammonia-loss,ALDOA,HUMAN,Post-translational,False
194,1293,S,46,[385]Ammonia-loss,ALDOA,HUMAN,Post-translational,False
195,1295,T,52,[385]Ammonia-loss,ALDOA,HUMAN,Post-translational,False
196,1297,T,65,[385]Ammonia-loss,ALDOA,HUMAN,Post-translational,False
197,1299,T,119,[385]Ammonia-loss,ALDOA,HUMAN,Post-translational,False
198,1301,T,123,[385]Ammonia-loss,ALDOA,HUMAN,Post-translational,False
199,1302,T,124,[385]Ammonia-loss,ALDOA,HUMAN,Post-translational,False
200,1303,T,125,[385]Ammonia-loss,ALDOA,HUMAN,Post-translational,False
201,1304,S,132,[385]Ammonia-loss,ALDOA,HUMAN,Post-translational,False
202,1308,S,218,[385]Ammonia-loss,ALDOA,HUMAN,Post-translational,False
203,1309,T,227,[385]Ammonia-loss,ALDOA,HUMAN,Post-translational,False
204,1310,T,253,[385]Ammonia-loss,ALDOA,HUMAN,Post-translational,False
205,1311,T,255,[385]Ammonia-loss,ALDOA,HUMAN,Post-translational,False
206,1312,T,266,[385]Ammonia-loss,ALDOA,HUMAN,Post-translational,False
207,1313,T,269,[385]Ammonia-loss,ALDOA,HUMAN,Post-translational,False
208,1314,S,272,[385]Ammonia-loss,ALDOA,HUMAN,Post-translational,False
209,1315,S,281,[385]Ammonia-loss,ALDOA,HUMAN,Post-translational,False
210,1318,S,336,[385]Ammonia-loss,ALDOA,HUMAN,Post-translational,False
211,1319,S,356,[385]Ammonia-loss,ALDOA,HUMAN,Post-translational,False
212,1320,S,360,[385]Ammonia-loss,ALDOA,HUMAN,Post-translational,False
213,1324,K,13,[1]Acetyl,ALDOA,HUMAN,Multiple,False
214,1325,K,14,[1]Acetyl,ALDOA,HUMAN,Multiple,False
215,1326,K,28,[1]Acetyl,ALDOA,HUMAN,Multiple,False
216,1327,S,36,[1]Acetyl,ALDOA,HUMAN,Post-translational,False
217,1328,T,37,[1]Acetyl,ALDOA,HUMAN,Post-translational,False
218,1329,S,39,[1]Acetyl,ALDOA,HUMAN,Post-translational,False
219,1330,K,42,[1]Acetyl,ALDOA,HUMAN,Multiple,False
220,1332,S,46,[1]Acetyl,ALDOA,HUMAN,Post-translational,False
221,1334,T,65,[1]Acetyl,ALDOA,HUMAN,Post-translational,False
222,1336,K,99,[1]Acetyl,ALDOA,HUMAN,Multiple,False
223,1337,K,101,[1]Acetyl,ALDOA,HUMAN,Multiple,False
224,1338,K,108,[1]Acetyl,ALDOA,HUMAN,Multiple,False
225,1339,K,111,[1]Acetyl,ALDOA,HUMAN,Multiple,False
226,1340,T,125,[1]Acetyl,ALDOA,HUMAN,Post-translational,False
227,1341,S,132,[1]Acetyl,ALDOA,HUMAN,Post-translational,False
228,1342,K,147,[1]Acetyl,ALDOA,HUMAN,Multiple,False
229,1343,K,153,[1]Acetyl,ALDOA,HUMAN,Multiple,False
230,1345,T,158,[1]Acetyl,ALDOA,HUMAN,Post-translational,False
231,1346,S,160,[1]Acetyl,ALDOA,HUMAN,Post-translational,False
232,1348,S,176,[1]Acetyl,ALDOA,HUMAN,Post-translational,False
233,1349,C,178,[1]Acetyl,ALDOA,HUMAN,Post-translational,False
234,1350,K,200,[1]Acetyl,ALDOA,HUMAN,Multiple,False
235,1351,K,230,[1]Acetyl,ALDOA,HUMAN,Multiple,False
236,1352,T,235,[1]Acetyl,ALDOA,HUMAN,Post-translational,False
237,1353,K,243,[1]Acetyl,ALDOA,HUMAN,Multiple,False
238,1354,S,245,[1]Acetyl,ALDOA,HUMAN,Post-translational,False
239,1356,T,266,[1]Acetyl,ALDOA,HUMAN,Post-translational,False
240,1357,S,272,[1]Acetyl,ALDOA,HUMAN,Post-translational,False
241,1358,S,276,[1]Acetyl,ALDOA,HUMAN,Post-translational,False
242,1359,S,281,[1]Acetyl,ALDOA,HUMAN,Post-translational,False
243,1360,K,294,[1]Acetyl,ALDOA,HUMAN,Multiple,False
244,1361,K,312,[1]Acetyl,ALDOA,HUMAN,Multiple,False
245,1362,K,330,[1]Acetyl,ALDOA,HUMAN,Multiple,False
246,1363,S,346,[1]Acetyl,ALDOA,HUMAN,Post-translational,False
247,1364,S,354,[1]Acetyl,ALDOA,HUMAN,Post-translational,False
248,1365,S,356,[1]Acetyl,ALDOA,HUMAN,Post-translational,False
249,1366,S,360,[1]Acetyl,ALDOA,HUMAN,Post-translational,False
250,1368,Y,69,[35]Oxidation,DDX3X,HUMAN,Post-translational,False
251,1369,K,118,[35]Oxidation,DDX3X,HUMAN,Post-translational,False
252,1374,Y,243,[35]Oxidation,DDX3X,HUMAN,Post-translational,False
253,1375,P,247,[35]Oxidation,DDX3X,HUMAN,Post-translational,False
254,1378,Y,266,[35]Oxidation,DDX3X,HUMAN,Post-translational,False
255,1380,Y,283,[35]Oxidation,DDX3X,HUMAN,Post-translational,False
256,1383,Y,301,[35]Oxidation,DDX3X,HUMAN,Post-translational,False
257,1387,Y,343,[35]Oxidation,DDX3X,HUMAN,Post-translational,False
258,1388,D,347,[35]Oxidation,DDX3X,HUMAN,Post-translational,False
259,1390,D,350,[35]Oxidation,DDX3X,HUMAN,Post-translational,False
260,1391,R,351,[35]Oxidation,DDX3X,HUMAN,Post-translational,True
261,1394,D,354,[35]Oxidation,DDX3X,HUMAN,Post-translational,False
262,1402,Y,400,[35]Oxidation,DDX3X,HUMAN,Post-translational,False
263,1405,Y,462,[35]Oxidation,DDX3X,HUMAN,Post-translational,False
264,1407,Y,466,[35]Oxidation,DDX3X,HUMAN,Post-translational,False
265,1413,D,521,[35]Oxidation,DDX3X,HUMAN,Post-translational,False
266,1416,Y,525,[35]Oxidation,DDX3X,HUMAN,Post-translational,False
267,1421,N,573,[35]Oxidation,DDX3X,HUMAN,Post-translational,False
268,1423,Y,576,[35]Oxidation,DDX3X,HUMAN,Post-translational,False
269,1424,Y,580,[35]Oxidation,DDX3X,HUMAN,Post-translational,False
270,1536,K,8,[34]Methyl,HNRNPA1,HUMAN,Post-translational,False
271,1537,E,9,[34]Methyl,HNRNPA1,HUMAN,Post-translational,False
272,1538,R,14,[34]Methyl,HNRNPA1,HUMAN,Post-translational,False
273,1539,K,15,[34]Methyl,HNRNPA1,HUMAN,Post-translational,False
274,1540,L,16,[34]Methyl,HNRNPA1,HUMAN,Post-translational,False
275,1541,I,18,[34]Methyl,HNRNPA1,HUMAN,Post-translational,False
276,1542,L,21,[34]Methyl,HNRNPA1,HUMAN,Post-translational,False
277,1543,S,22,[34]Methyl,HNRNPA1,HUMAN,Post-translational,False
278,1544,E,24,[34]Methyl,HNRNPA1,HUMAN,Post-translational,False
279,1545,T,25,[34]Methyl,HNRNPA1,HUMAN,Post-translational,False
280,1546,T,26,[34]Methyl,HNRNPA1,HUMAN,Post-translational,False
281,1547,D,27,[34]Methyl,HNRNPA1,HUMAN,Post-translational,False
282,1548,E,28,[34]Methyl,HNRNPA1,HUMAN,Post-translational,False
283,1549,S,29,[34]Methyl,HNRNPA1,HUMAN,Post-translational,False
284,1550,L,30,[34]Methyl,HNRNPA1,HUMAN,Post-translational,False
285,1551,R,31,[34]Methyl,HNRNPA1,HUMAN,Post-translational,False
286,1552,T,39,[34]Methyl,HNRNPA1,HUMAN,Post-translational,False
287,1553,L,40,[34]Methyl,HNRNPA1,HUMAN,Post-translational,False
288,1554,D,48,[34]Methyl,HNRNPA1,HUMAN,Post-translational,False
289,1555,R,55,[34]Methyl,HNRNPA1,HUMAN,Post-translational,False
290,1556,T,61,[34]Methyl,HNRNPA1,HUMAN,Post-translational,False
291,1557,T,64,[34]Methyl,HNRNPA1,HUMAN,Post-translational,False
292,1558,E,67,[34]Methyl,HNRNPA1,HUMAN,Post-translational,False
293,1559,H,77,[34]Methyl,HNRNPA1,HUMAN,Post-translational,False
294,1560,K,105,[34]Methyl,HNRNPA1,HUMAN,Post-translational,False
295,1561,K,106,[34]Methyl,HNRNPA1,HUMAN,Post-translational,False
296,1562,K,113,[34]Methyl,HNRNPA1,HUMAN,Post-translational,False
297,1563,E,114,[34]Methyl,HNRNPA1,HUMAN,Post-translational,False
298,1564,E,118,[34]Methyl,HNRNPA1,HUMAN,Post-translational,False
299,1565,R,122,[34]Methyl,HNRNPA1,HUMAN,Post-translational,False
300,1566,K,130,[34]Methyl,HNRNPA1,HUMAN,Post-translational,False
301,1567,E,132,[34]Methyl,HNRNPA1,HUMAN,Post-translational,False
302,1568,I,136,[34]Methyl,HNRNPA1,HUMAN,Post-translational,False
303,1569,D,139,[34]Methyl,HNRNPA1,HUMAN,Post-translational,False
304,1570,R,140,[34]Methyl,HNRNPA1,HUMAN,Post-translational,False
305,1571,K,144,[34]Methyl,HNRNPA1,HUMAN,Post-translational,False
306,1572,D,154,[34]Methyl,HNRNPA1,HUMAN,Post-translational,False
307,1573,H,156,[34]Methyl,HNRNPA1,HUMAN,Post-translational,False
308,1574,D,157,[34]Methyl,HNRNPA1,HUMAN,Post-translational,False
309,1575,S,158,[34]Methyl,HNRNPA1,HUMAN,Post-translational,False
310,1576,D,160,[34]Methyl,HNRNPA1,HUMAN,Post-translational,False
311,1577,K,161,[34]Methyl,HNRNPA1,HUMAN,Post-translational,False
312,1578,E,176,[34]Methyl,HNRNPA1,HUMAN,Post-translational,False
313,1579,K,179,[34]Methyl,HNRNPA1,HUMAN,Post-translational,False
314,1580,S,190,[34]Methyl,HNRNPA1,HUMAN,Post-translational,False
315,1581,S,192,[34]Methyl,HNRNPA1,HUMAN,Post-translational,False
316,1582,Q,193,[34]Methyl,HNRNPA1,HUMAN,Post-translational,False
317,1583,R,194,[34]Methyl,HNRNPA1,HUMAN,Post-translational,False
318,1584,R,206,[34]Methyl,HNRNPA1,HUMAN,Post-translational,False
319,1585,R,225,[34]Methyl,HNRNPA1,HUMAN,Post-translational,False
320,1586,K,329,[34]Methyl,HNRNPA1,HUMAN,Post-translational,False
321,1587,R,336,[34]Methyl,HNRNPA1,HUMAN,Post-translational,False
322,1588,S,337,[34]Methyl,HNRNPA1,HUMAN,Post-translational,False
323,1589,S,338,[34]Methyl,HNRNPA1,HUMAN,Post-translational,False
324,1590,K,350,[34]Methyl,HNRNPA1,HUMAN,Post-translational,False
325,1591,R,352,[34]Methyl,HNRNPA1,HUMAN,Post-translational,False
326,1592,N,353,[34]Methyl,HNRNPA1,HUMAN,Post-translational,False
327,1593,S,360,[34]Methyl,HNRNPA1,HUMAN,Post-translational,False
328,1594,S,363,[34]Methyl,HNRNPA1,HUMAN,Post-translational,False
329,1595,S,368,[34]Methyl,HNRNPA1,HUMAN,Post-translational,False
330,1596,R,370,[34]Methyl,HNRNPA1,HUMAN,Post-translational,False
331,1597,R,371,[34]Methyl,HNRNPA1,HUMAN,Post-translational,False
332,1598,Y,3,[21]Phospho,ALDOA,HUMAN,Post-translational,False
333,1599,Y,5,[21]Phospho,ALDOA,HUMAN,Post-translational,False
334,1600,T,9,[21]Phospho,ALDOA,HUMAN,Post-translational,False
335,1601,E,11,[21]Phospho,ALDOA,HUMAN,Post-translational,False
336,1602,K,28,[21]Phospho,ALDOA,HUMAN,Post-translational,False
337,1603,D,34,[21]Phospho,ALDOA,HUMAN,Post-translational,False
338,1604,E,35,[21]Phospho,ALDOA,HUMAN,Post-translational,False
339,1605,S,36,[21]Phospho,ALDOA,HUMAN,Post-translational,False
340,1606,T,37,[21]Phospho,ALDOA,HUMAN,Post-translational,False
341,1607,S,39,[21]Phospho,ALDOA,HUMAN,Post-translational,False
342,1608,K,42,[21]Phospho,ALDOA,HUMAN,Post-translational,False
343,1609,S,46,[21]Phospho,ALDOA,HUMAN,Post-translational,False
344,1610,T,65,[21]Phospho,ALDOA,HUMAN,Post-translational,False
345,1611,D,68,[21]Phospho,ALDOA,HUMAN,Post-translational,False
346,1612,R,69,[21]Phospho,ALDOA,HUMAN,Post-translational,False
347,1613,C,73,[21]Phospho,ALDOA,HUMAN,Post-translational,False
348,1614,T,119,[21]Phospho,ALDOA,HUMAN,Post-translational,False
349,1615,E,122,[21]Phospho,ALDOA,HUMAN,Post-translational,False
350,1616,S,132,[21]Phospho,ALDOA,HUMAN,Post-translational,False
351,1617,T,158,[21]Phospho,ALDOA,HUMAN,Post-translational,False
352,1618,S,160,[21]Phospho,ALDOA,HUMAN,Post-translational,False
353,1619,E,166,[21]Phospho,ALDOA,HUMAN,Post-translational,False
354,1620,S,176,[21]Phospho,ALDOA,HUMAN,Post-translational,False
355,1621,C,178,[21]Phospho,ALDOA,HUMAN,Post-translational,False
356,1622,E,188,[21]Phospho,ALDOA,HUMAN,Post-translational,False
357,1623,E,190,[21]Phospho,ALDOA,HUMAN,Post-translational,False
358,1624,K,230,[21]Phospho,ALDOA,HUMAN,Post-translational,False
359,1625,T,235,[21]Phospho,ALDOA,HUMAN,Post-translational,False
360,1626,E,247,[21]Phospho,ALDOA,HUMAN,Post-translational,False
361,1627,E,248,[21]Phospho,ALDOA,HUMAN,Post-translational,False
362,1628,T,269,[21]Phospho,ALDOA,HUMAN,Post-translational,False
363,1629,S,272,[21]Phospho,ALDOA,HUMAN,Post-translational,False
364,1630,S,276,[21]Phospho,ALDOA,HUMAN,Post-translational,False
365,1631,E,277,[21]Phospho,ALDOA,HUMAN,Post-translational,False
366,1632,E,278,[21]Phospho,ALDOA,HUMAN,Post-translational,False
367,1633,S,309,[21]Phospho,ALDOA,HUMAN,Post-translational,False
368,1637,K,13,[5]Carbamyl,ALDOA,HUMAN,Multiple,False
369,1638,K,14,[5]Carbamyl,ALDOA,HUMAN,Multiple,False
370,1640,K,28,[5]Carbamyl,ALDOA,HUMAN,Multiple,False
371,1644,K,42,[5]Carbamyl,ALDOA,HUMAN,Multiple,False
372,1650,K,87,[5]Carbamyl,ALDOA,HUMAN,Multiple,False
373,1651,K,99,[5]Carbamyl,ALDOA,HUMAN,Multiple,False
374,1652,K,101,[5]Carbamyl,ALDOA,HUMAN,Multiple,False
375,1653,K,108,[5]Carbamyl,ALDOA,HUMAN,Multiple,False
376,1654,K,111,[5]Carbamyl,ALDOA,HUMAN,Multiple,False
377,1657,K,147,[5]Carbamyl,ALDOA,HUMAN,Multiple,False
378,1658,K,153,[5]Carbamyl,ALDOA,HUMAN,Multiple,False
379,1666,K,200,[5]Carbamyl,ALDOA,HUMAN,Multiple,False
380,1667,K,215,[5]Carbamyl,ALDOA,HUMAN,Multiple,False
381,1669,K,230,[5]Carbamyl,ALDOA,HUMAN,Multiple,False
382,1672,K,243,[5]Carbamyl,ALDOA,HUMAN,Multiple,False
383,1680,K,294,[5]Carbamyl,ALDOA,HUMAN,Multiple,False
384,1683,K,312,[5]Carbamyl,ALDOA,HUMAN,Multiple,False
385,1684,K,318,[5]Carbamyl,ALDOA,HUMAN,Multiple,False
386,1685,K,322,[5]Carbamyl,ALDOA,HUMAN,Multiple,False
387,1686,K,330,[5]Carbamyl,ALDOA,HUMAN,Multiple,False
388,1734,F,52,[7]Deamidated,DDX3X,HUMAN,Post-translational,False
389,1735,R,88,[7]Deamidated,DDX3X,HUMAN,Post-translational,False
390,1736,R,145,[7]Deamidated,DDX3X,HUMAN,Post-translational,False
391,1738,F,151,[7]Deamidated,DDX3X,HUMAN,Post-translational,False
392,1741,F,160,[7]Deamidated,DDX3X,HUMAN,Post-translational,False
393,1744,F,234,[7]Deamidated,DDX3X,HUMAN,Post-translational,False
394,1747,R,276,[7]Deamidated,DDX3X,HUMAN,Post-translational,False
395,1751,R,311,[7]Deamidated,DDX3X,HUMAN,Post-translational,False
396,1752,R,351,[7]Deamidated,DDX3X,HUMAN,Post-translational,True
397,1753,F,357,[7]Deamidated,DDX3X,HUMAN,Post-translational,False
398,1755,R,362,[7]Deamidated,DDX3X,HUMAN,Post-translational,True
399,1757,F,381,[7]Deamidated,DDX3X,HUMAN,Post-translational,False
400,1758,F,385,[7]Deamidated,DDX3X,HUMAN,Post-translational,False
401,1759,F,402,[7]Deamidated,DDX3X,HUMAN,Post-translational,False
402,1760,R,407,[7]Deamidated,DDX3X,HUMAN,Post-translational,False
403,1764,F,447,[7]Deamidated,DDX3X,HUMAN,Post-translational,False
404,1765,F,460,[7]Deamidated,DDX3X,HUMAN,Post-translational,False
405,1766,R,480,[7]Deamidated,DDX3X,HUMAN,Post-translational,True
406,1767,R,503,[7]Deamidated,DDX3X,HUMAN,Post-translational,False
407,1770,F,516,[7]Deamidated,DDX3X,HUMAN,Post-translational,False
408,1771,R,528,[7]Deamidated,DDX3X,HUMAN,Post-translational,False
409,1773,F,544,[7]Deamidated,DDX3X,HUMAN,Post-translational,False
410,1774,F,545,[7]Deamidated,DDX3X,HUMAN,Post-translational,False
411,1776,R,548,[7]Deamidated,DDX3X,HUMAN,Post-translational,False
412,1780,R,617,[7]Deamidated,DDX3X,HUMAN,Post-translational,False
413,1816,T,9,[23]Dehydrated,ALDOA,HUMAN,Post-translational,False
414,1819,S,36,[23]Dehydrated,ALDOA,HUMAN,Post-translational,False
415,1820,T,37,[23]Dehydrated,ALDOA,HUMAN,Post-translational,False
416,1821,S,46,[23]Dehydrated,ALDOA,HUMAN,Post-translational,False
417,1822,T,49,[23]Dehydrated,ALDOA,HUMAN,Post-translational,False
418,1823,N,51,[23]Dehydrated,ALDOA,HUMAN,Post-translational,False
419,1824,Q,61,[23]Dehydrated,ALDOA,HUMAN,Post-translational,False
420,1827,N,71,[23]Dehydrated,ALDOA,HUMAN,Post-translational,False
421,1828,T,119,[23]Dehydrated,ALDOA,HUMAN,Post-translational,False
422,1829,T,123,[23]Dehydrated,ALDOA,HUMAN,Post-translational,False
423,1830,T,124,[23]Dehydrated,ALDOA,HUMAN,Post-translational,False
424,1831,T,125,[23]Dehydrated,ALDOA,HUMAN,Post-translational,False
425,1832,Q,126,[23]Dehydrated,ALDOA,HUMAN,Post-translational,False
426,1834,S,132,[23]Dehydrated,ALDOA,HUMAN,Post-translational,False
427,1835,N,167,[23]Dehydrated,ALDOA,HUMAN,Post-translational,False
428,1836,S,176,[23]Dehydrated,ALDOA,HUMAN,Post-translational,False
429,1837,Q,180,[23]Dehydrated,ALDOA,HUMAN,Post-translational,False
430,1838,N,181,[23]Dehydrated,ALDOA,HUMAN,Post-translational,False
431,1842,S,218,[23]Dehydrated,ALDOA,HUMAN,Post-translational,False
432,1844,T,227,[23]Dehydrated,ALDOA,HUMAN,Post-translational,False
433,1845,T,253,[23]Dehydrated,ALDOA,HUMAN,Post-translational,False
434,1846,T,266,[23]Dehydrated,ALDOA,HUMAN,Post-translational,False
435,1847,S,360,[23]Dehydrated,ALDOA,HUMAN,Post-translational,False
436,1848,P,2,[425]Dioxidation,ALDOA,HUMAN,Post-translational,False
437,1849,Y,5,[425]Dioxidation,ALDOA,HUMAN,Post-translational,False
438,1850,P,26,[425]Dioxidation,ALDOA,HUMAN,Post-translational,False
439,1851,K,28,[425]Dioxidation,ALDOA,HUMAN,Post-translational,False
440,1859,P,72,[425]Dioxidation,ALDOA,HUMAN,Post-translational,False
441,1860,C,73,[425]Dioxidation,ALDOA,HUMAN,Post-translational,False
442,1863,P,115,[425]Dioxidation,ALDOA,HUMAN,Post-translational,False
443,1866,R,134,[425]Dioxidation,ALDOA,HUMAN,Post-translational,False
444,1869,P,159,[425]Dioxidation,ALDOA,HUMAN,Post-translational,False
445,1872,M,165,[425]Dioxidation,ALDOA,HUMAN,Post-translational,False
446,1874,Y,174,[425]Dioxidation,ALDOA,HUMAN,Post-translational,False
447,1876,C,178,[425]Dioxidation,ALDOA,HUMAN,Post-translational,False
448,1879,P,185,[425]Dioxidation,ALDOA,HUMAN,Post-translational,False
449,1885,K,230,[425]Dioxidation,ALDOA,HUMAN,Post-translational,False
450,1886,P,231,[425]Dioxidation,ALDOA,HUMAN,Post-translational,False
451,1887,C,240,[425]Dioxidation,ALDOA,HUMAN,Post-translational,False
452,1891,M,251,[425]Dioxidation,ALDOA,HUMAN,Post-translational,False
453,1893,P,262,[425]Dioxidation,ALDOA,HUMAN,Post-translational,False
454,2334,K,3,[5]Carbamyl,HNRNPA1,HUMAN,Multiple,False
455,2335,K,8,[5]Carbamyl,HNRNPA1,HUMAN,Multiple,False
456,2337,K,15,[5]Carbamyl,HNRNPA1,HUMAN,Multiple,False
457,2351,K,78,[5]Carbamyl,HNRNPA1,HUMAN,Multiple,False
458,2353,K,105,[5]Carbamyl,HNRNPA1,HUMAN,Multiple,False
459,2354,K,113,[5]Carbamyl,HNRNPA1,HUMAN,Multiple,False
460,2356,K,130,[5]Carbamyl,HNRNPA1,HUMAN,Multiple,False
461,2359,K,144,[5]Carbamyl,HNRNPA1,HUMAN,Multiple,False
462,2360,K,145,[5]Carbamyl,HNRNPA1,HUMAN,Multiple,False
463,2363,K,166,[5]Carbamyl,HNRNPA1,HUMAN,Multiple,False
464,2367,K,179,[5]Carbamyl,HNRNPA1,HUMAN,Multiple,False
465,2368,K,183,[5]Carbamyl,HNRNPA1,HUMAN,Multiple,False
466,2370,K,329,[5]Carbamyl,HNRNPA1,HUMAN,Multiple,False
467,2376,K,350,[5]Carbamyl,HNRNPA1,HUMAN,Multiple,False
468,2432,P,7,[425]Dioxidation,HNRNPA1,HUMAN,Post-translational,False
469,2439,C,43,[425]Dioxidation,HNRNPA1,HUMAN,Post-translational,False
470,2442,M,46,[425]Dioxidation,HNRNPA1,HUMAN,Post-translational,False
471,2443,R,47,[425]Dioxidation,HNRNPA1,HUMAN,Post-translational,False
472,2445,Y,62,[425]Dioxidation,HNRNPA1,HUMAN,Post-translational,False
473,2447,M,72,[425]Dioxidation,HNRNPA1,HUMAN,Post-translational,False
474,2448,P,76,[425]Dioxidation,HNRNPA1,HUMAN,Post-translational,False
475,2449,K,78,[425]Dioxidation,HNRNPA1,HUMAN,Post-translational,False
476,2452,M,137,[425]Dioxidation,HNRNPA1,HUMAN,Post-translational,False
477,2455,C,175,[425]Dioxidation,HNRNPA1,HUMAN,Post-translational,False
478,2456,P,340,[425]Dioxidation,HNRNPA1,HUMAN,Post-translational,True
479,2457,Y,341,[425]Dioxidation,HNRNPA1,HUMAN,Post-translational,False
480,2458,Y,357,[425]Dioxidation,HNRNPA1,HUMAN,Post-translational,False
481,2459,K,28,[53]HNE,ALDOA,HUMAN,Post-translational,False
482,2460,A,32,[53]HNE,ALDOA,HUMAN,Post-translational,False
483,2461,A,41,[53]HNE,ALDOA,HUMAN,Post-translational,False
484,2462,K,42,[53]HNE,ALDOA,HUMAN,Post-translational,False
485,2463,A,117,[53]HNE,ALDOA,HUMAN,Post-translational,False
486,2464,H,157,[53]HNE,ALDOA,HUMAN,Post-translational,False
487,2465,A,175,[53]HNE,ALDOA,HUMAN,Post-translational,False
488,2466,C,178,[53]HNE,ALDOA,HUMAN,Post-translational,False
489,2467,K,200,[53]HNE,ALDOA,HUMAN,Post-translational,False
490,2468,H,246,[53]HNE,ALDOA,HUMAN,Post-translational,False
491,2469,A,250,[53]HNE,ALDOA,HUMAN,Post-translational,False
492,2470,A,252,[53]HNE,ALDOA,HUMAN,Post-translational,False
493,2471,A,256,[53]HNE,ALDOA,HUMAN,Post-translational,False
494,2472,A,264,[53]HNE,ALDOA,HUMAN,Post-translational,False
495,2473,K,289,[53]HNE,ALDOA,HUMAN,Post-translational,False
496,2474,K,330,[53]HNE,ALDOA,HUMAN,Post-translational,False
497,2475,A,338,[53]HNE,ALDOA,HUMAN,Post-translational,False
498,2476,K,342,[53]HNE,ALDOA,HUMAN,Post-translational,False
499,2496,D,18,[447]Deoxy,ALDOA,HUMAN,Post-translational,False
500,2501,D,67,[447]Deoxy,ALDOA,HUMAN,Post-translational,False
501,2502,D,68,[447]Deoxy,ALDOA,HUMAN,Post-translational,False
502,2507,D,129,[447]Deoxy,ALDOA,HUMAN,Post-translational,True
503,2510,D,194,[447]Deoxy,ALDOA,HUMAN,Post-translational,False
504,2511,D,196,[447]Deoxy,ALDOA,HUMAN,Post-translational,False
505,2512,D,219,[447]Deoxy,ALDOA,HUMAN,Post-translational,False
506,2564,S,22,[23]Dehydrated,HNRNPA1,HUMAN,Post-translational,False
507,2565,T,25,[23]Dehydrated,HNRNPA1,HUMAN,Post-translational,False
508,2566,T,26,[23]Dehydrated,HNRNPA1,HUMAN,Post-translational,False
509,2568,S,29,[23]Dehydrated,HNRNPA1,HUMAN,Post-translational,False
510,2569,T,39,[23]Dehydrated,HNRNPA1,HUMAN,Post-translational,False
511,2570,T,41,[23]Dehydrated,HNRNPA1,HUMAN,Post-translational,False
512,2571,T,61,[23]Dehydrated,HNRNPA1,HUMAN,Post-translational,False
513,2574,Q,96,[23]Dehydrated,HNRNPA1,HUMAN,Post-translational,False
514,2578,T,152,[23]Dehydrated,HNRNPA1,HUMAN,Post-translational,False
515,2582,S,158,[23]Dehydrated,HNRNPA1,HUMAN,Post-translational,False
516,2584,Q,165,[23]Dehydrated,HNRNPA1,HUMAN,Post-translational,False
517,2585,S,337,[23]Dehydrated,HNRNPA1,HUMAN,Post-translational,False
518,2586,S,338,[23]Dehydrated,HNRNPA1,HUMAN,Post-translational,False
519,2587,Y,341,[23]Dehydrated,HNRNPA1,HUMAN,Post-translational,False
520,2588,N,353,[23]Dehydrated,HNRNPA1,HUMAN,Post-translational,False
521,2589,Q,354,[23]Dehydrated,HNRNPA1,HUMAN,Post-translational,False
522,2590,Y,357,[23]Dehydrated,HNRNPA1,HUMAN,Post-translational,False
523,2591,S,360,[23]Dehydrated,HNRNPA1,HUMAN,Post-translational,False
524,2592,S,361,[23]Dehydrated,HNRNPA1,HUMAN,Post-translational,False
525,2593,S,362,[23]Dehydrated,HNRNPA1,HUMAN,Post-translational,False
526,2594,S,363,[23]Dehydrated,HNRNPA1,HUMAN,Post-translational,False
527,2595,S,364,[23]Dehydrated,HNRNPA1,HUMAN,Post-translational,False
528,2596,S,365,[23]Dehydrated,HNRNPA1,HUMAN,Post-translational,False
529,2802,K,3,[1]Acetyl,HNRNPA1,HUMAN,Multiple,False
530,2803,K,15,[1]Acetyl,HNRNPA1,HUMAN,Multiple,False
531,2804,S,22,[1]Acetyl,HNRNPA1,HUMAN,Post-translational,False
532,2805,T,25,[1]Acetyl,HNRNPA1,HUMAN,Post-translational,False
533,2806,T,26,[1]Acetyl,HNRNPA1,HUMAN,Post-translational,False
534,2807,S,29,[1]Acetyl,HNRNPA1,HUMAN,Post-translational,False
535,2808,T,41,[1]Acetyl,HNRNPA1,HUMAN,Post-translational,False
536,2809,C,43,[1]Acetyl,HNRNPA1,HUMAN,Post-translational,False
537,2811,K,52,[1]Acetyl,HNRNPA1,HUMAN,Multiple,False
538,2813,T,61,[1]Acetyl,HNRNPA1,HUMAN,Post-translational,False
539,2815,K,105,[1]Acetyl,HNRNPA1,HUMAN,Multiple,False
540,2816,K,113,[1]Acetyl,HNRNPA1,HUMAN,Multiple,False
541,2817,K,130,[1]Acetyl,HNRNPA1,HUMAN,Multiple,False
542,2818,K,144,[1]Acetyl,HNRNPA1,HUMAN,Multiple,False
543,2819,K,145,[1]Acetyl,HNRNPA1,HUMAN,Multiple,False
544,2821,T,152,[1]Acetyl,HNRNPA1,HUMAN,Post-translational,False
545,2822,S,158,[1]Acetyl,HNRNPA1,HUMAN,Post-translational,False
546,2823,K,166,[1]Acetyl,HNRNPA1,HUMAN,Multiple,False
547,2825,K,329,[1]Acetyl,HNRNPA1,HUMAN,Multiple,False
548,2827,S,337,[1]Acetyl,HNRNPA1,HUMAN,Post-translational,False
549,2828,S,338,[1]Acetyl,HNRNPA1,HUMAN,Post-translational,False
550,2829,K,350,[1]Acetyl,HNRNPA1,HUMAN,Multiple,False
551,2832,S,360,[1]Acetyl,HNRNPA1,HUMAN,Post-translational,False
552,2833,S,361,[1]Acetyl,HNRNPA1,HUMAN,Post-translational,False
553,2834,S,362,[1]Acetyl,HNRNPA1,HUMAN,Post-translational,False
554,2835,S,363,[1]Acetyl,HNRNPA1,HUMAN,Post-translational,False
555,2836,S,364,[1]Acetyl,HNRNPA1,HUMAN,Post-translational,False
556,2837,S,365,[1]Acetyl,HNRNPA1,HUMAN,Post-translational,False
557,2839,S,368,[1]Acetyl,HNRNPA1,HUMAN,Post-translational,False
558,2840,K,8,[21]Phospho,HNRNPA1,HUMAN,Post-translational,False
559,2841,S,22,[21]Phospho,HNRNPA1,HUMAN,Post-translational,False
560,2842,T,41,[21]Phospho,HNRNPA1,HUMAN,Post-translational,False
561,2843,Y,62,[21]Phospho,HNRNPA1,HUMAN,Post-translational,False
562,2844,E,135,[21]Phospho,HNRNPA1,HUMAN,Post-translational,False
563,2845,T,152,[21]Phospho,HNRNPA1,HUMAN,Post-translational,False
564,2846,D,154,[21]Phospho,HNRNPA1,HUMAN,Post-translational,False
565,2847,Y,167,[21]Phospho,HNRNPA1,HUMAN,Post-translational,False
566,2848,R,336,[21]Phospho,HNRNPA1,HUMAN,Post-translational,False
567,2849,S,337,[21]Phospho,HNRNPA1,HUMAN,Post-translational,False
568,2850,S,338,[21]Phospho,HNRNPA1,HUMAN,Post-translational,False
569,2851,Y,341,[21]Phospho,HNRNPA1,HUMAN,Post-translational,False
570,2852,Y,347,[21]Phospho,HNRNPA1,HUMAN,Post-translational,False
571,2853,Y,357,[21]Phospho,HNRNPA1,HUMAN,Post-translational,False
572,2854,S,360,[21]Phospho,HNRNPA1,HUMAN,Post-translational,False
573,2855,S,361,[21]Phospho,HNRNPA1,HUMAN,Post-translational,False
574,2856,S,362,[21]Phospho,HNRNPA1,HUMAN,Post-translational,False
575,2857,S,363,[21]Phospho,HNRNPA1,HUMAN,Post-translational,False
576,2858,S,364,[21]Phospho,HNRNPA1,HUMAN,Post-translational,False
577,2859,S,365,[21]Phospho,HNRNPA1,HUMAN,Post-translational,False
578,2860,Y,366,[21]Phospho,HNRNPA1,HUMAN,Post-translational,False
579,2861,S,368,[21]Phospho,HNRNPA1,HUMAN,Post-translational,False
580,2862,R,370,[21]Phospho,HNRNPA1,HUMAN,Post-translational,False
581,2865,M,221,[425]Dioxidation,DDX3X,HUMAN,Post-translational,False
582,2866,P,237,[425]Dioxidation,DDX3X,HUMAN,Post-translational,False
583,2867,P,297,[425]Dioxidation,DDX3X,HUMAN,Post-translational,False
584,2868,C,298,[425]Dioxidation,DDX3X,HUMAN,Post-translational,False
585,2871,Y,301,[425]Dioxidation,DDX3X,HUMAN,Post-translational,False
586,2872,C,317,[425]Dioxidation,DDX3X,HUMAN,Post-translational,False
587,2873,R,351,[425]Dioxidation,DDX3X,HUMAN,Post-translational,True
588,2874,M,352,[425]Dioxidation,DDX3X,HUMAN,Post-translational,False
589,2876,M,355,[425]Dioxidation,DDX3X,HUMAN,Post-translational,False
590,2877,M,370,[425]Dioxidation,DDX3X,HUMAN,Post-translational,False
591,2878,M,380,[425]Dioxidation,DDX3X,HUMAN,Post-translational,False
592,2884,Y,466,[425]Dioxidation,DDX3X,HUMAN,Post-translational,False
593,2889,P,519,[425]Dioxidation,DDX3X,HUMAN,Post-translational,False
594,2890,R,528,[425]Dioxidation,DDX3X,HUMAN,Post-translational,False
595,2893,P,568,[425]Dioxidation,DDX3X,HUMAN,Post-translational,True
596,3057,K,28,[299]Carboxy,ALDOA,HUMAN,Post-translational,False
597,3058,D,34,[299]Carboxy,ALDOA,HUMAN,Post-translational,False
598,3059,D,68,[299]Carboxy,ALDOA,HUMAN,Post-translational,False
599,3060,E,122,[299]Carboxy,ALDOA,HUMAN,Post-translational,False
600,3061,E,156,[299]Carboxy,ALDOA,HUMAN,Post-translational,False
601,3062,M,165,[299]Carboxy,ALDOA,HUMAN,Post-translational,False
602,3063,E,166,[299]Carboxy,ALDOA,HUMAN,Post-translational,False
603,3064,E,188,[299]Carboxy,ALDOA,HUMAN,Post-translational,False
604,3065,D,194,[299]Carboxy,ALDOA,HUMAN,Post-translational,False
605,3066,K,200,[299]Carboxy,ALDOA,HUMAN,Post-translational,False
606,3067,D,219,[299]Carboxy,ALDOA,HUMAN,Post-translational,False
607,3068,E,225,[299]Carboxy,ALDOA,HUMAN,Post-translational,False
608,3069,K,230,[299]Carboxy,ALDOA,HUMAN,Post-translational,False
609,3070,M,233,[299]Carboxy,ALDOA,HUMAN,Post-translational,False
610,3071,E,247,[299]Carboxy,ALDOA,HUMAN,Post-translational,False
611,3072,M,251,[299]Carboxy,ALDOA,HUMAN,Post-translational,False
612,3073,E,277,[299]Carboxy,ALDOA,HUMAN,Post-translational,False
613,3074,E,279,[299]Carboxy,ALDOA,HUMAN,Post-translational,False
614,3262,S,22,[40]Sulfo,HNRNPA1,HUMAN,Post-translational,False
615,3263,T,39,[40]Sulfo,HNRNPA1,HUMAN,Post-translational,False
616,3264,T,41,[40]Sulfo,HNRNPA1,HUMAN,Post-translational,False
617,3265,T,152,[40]Sulfo,HNRNPA1,HUMAN,Post-translational,False
618,3266,Y,167,[40]Sulfo,HNRNPA1,HUMAN,Post-translational,False
619,3267,S,337,[40]Sulfo,HNRNPA1,HUMAN,Post-translational,False
620,3268,S,338,[40]Sulfo,HNRNPA1,HUMAN,Post-translational,False
621,3269,Y,341,[40]Sulfo,HNRNPA1,HUMAN,Post-translational,False
622,3270,Y,347,[40]Sulfo,HNRNPA1,HUMAN,Post-translational,False
623,3271,Y,357,[40]Sulfo,HNRNPA1,HUMAN,Post-translational,False
624,3272,S,360,[40]Sulfo,HNRNPA1,HUMAN,Post-translational,False
625,3273,S,361,[40]Sulfo,HNRNPA1,HUMAN,Post-translational,False
626,3274,S,362,[40]Sulfo,HNRNPA1,HUMAN,Post-translational,False
627,3275,S,363,[40]Sulfo,HNRNPA1,HUMAN,Post-translational,False
628,3276,S,364,[40]Sulfo,HNRNPA1,HUMAN,Post-translational,False
629,3277,S,365,[40]Sulfo,HNRNPA1,HUMAN,Post-translational,False
630,3278,Y,366,[40]Sulfo,HNRNPA1,HUMAN,Post-translational,False
631,3279,S,368,[40]Sulfo,HNRNPA1,HUMAN,Post-translational,False
632,3354,R,85,[7]Deamidated,TGFB1,HUMAN,Post-translational,False
633,3355,R,110,[7]Deamidated,TGFB1,HUMAN,Post-translational,True
634,3357,R,152,[7]Deamidated,TGFB1,HUMAN,Post-translational,False
635,3359,F,198,[7]Deamidated,TGFB1,HUMAN,Post-translational,False
636,3362,F,239,[7]Deamidated,TGFB1,HUMAN,Post-translational,False
637,3364,R,255,[7]Deamidated,TGFB1,HUMAN,Post-translational,False
638,3365,F,257,[7]Deamidated,TGFB1,HUMAN,Post-translational,False
639,3425,K,13,[37]Trimethyl,ALDOA,HUMAN,Post-translational,False
640,3426,A,41,[37]Trimethyl,ALDOA,HUMAN,Post-translational,False
641,3427,K,42,[37]Trimethyl,ALDOA,HUMAN,Post-translational,False
642,3430,K,87,[37]Trimethyl,ALDOA,HUMAN,Post-translational,False
643,3432,A,161,[37]Trimethyl,ALDOA,HUMAN,Post-translational,False
644,3433,A,163,[37]Trimethyl,ALDOA,HUMAN,Post-translational,False
645,3434,A,168,[37]Trimethyl,ALDOA,HUMAN,Post-translational,False
646,3435,A,172,[37]Trimethyl,ALDOA,HUMAN,Post-translational,False
647,3436,K,230,[37]Trimethyl,ALDOA,HUMAN,Post-translational,False
648,3437,A,252,[37]Trimethyl,ALDOA,HUMAN,Post-translational,False
649,3438,A,256,[37]Trimethyl,ALDOA,HUMAN,Post-translational,False
650,3440,A,286,[37]Trimethyl,ALDOA,HUMAN,Post-translational,False
651,3441,K,289,[37]Trimethyl,ALDOA,HUMAN,Post-translational,False
652,3442,A,363,[37]Trimethyl,ALDOA,HUMAN,Post-translational,False
653,3505,P,69,[35]Oxidation,TGFB1,HUMAN,Post-translational,False
654,3512,G,252,[35]Oxidation,TGFB1,HUMAN,Pre-translational,False
655,3514,N,254,[35]Oxidation,TGFB1,HUMAN,Post-translational,False
656,3515,R,255,[35]Oxidation,TGFB1,HUMAN,Post-translational,False
657,3516,P,256,[35]Oxidation,TGFB1,HUMAN,Post-translational,False
658,3521,Y,284,[35]Oxidation,TGFB1,HUMAN,Post-translational,False
659,3629,Y,243,[23]Dehydrated,DDX3X,HUMAN,Post-translational,False
660,3630,S,244,[23]Dehydrated,DDX3X,HUMAN,Post-translational,False
661,3632,Q,265,[23]Dehydrated,DDX3X,HUMAN,Post-translational,False
662,3633,T,323,[23]Dehydrated,DDX3X,HUMAN,Post-translational,False
663,3635,S,456,[23]Dehydrated,DDX3X,HUMAN,Post-translational,False
664,3636,Y,466,[23]Dehydrated,DDX3X,HUMAN,Post-translational,False
665,3638,T,498,[23]Dehydrated,DDX3X,HUMAN,Post-translational,False
666,3640,T,542,[23]Dehydrated,DDX3X,HUMAN,Post-translational,False
667,3643,Q,565,[23]Dehydrated,DDX3X,HUMAN,Post-translational,False
668,3644,S,569,[23]Dehydrated,DDX3X,HUMAN,Post-translational,False
669,3645,S,605,[23]Dehydrated,DDX3X,HUMAN,Post-translational,False
670,3646,Y,3,[401]Didehydro,ALDOA,HUMAN,Post-translational,False
671,3651,S,132,[401]Didehydro,ALDOA,HUMAN,Post-translational,False
672,3653,S,160,[401]Didehydro,ALDOA,HUMAN,Post-translational,False
673,3654,Y,223,[401]Didehydro,ALDOA,HUMAN,Post-translational,False
674,3657,S,272,[401]Didehydro,ALDOA,HUMAN,Post-translational,False
675,3658,S,276,[401]Didehydro,ALDOA,HUMAN,Post-translational,False
676,3659,S,336,[401]Didehydro,ALDOA,HUMAN,Post-translational,False
677,3660,S,346,[401]Didehydro,ALDOA,HUMAN,Post-translational,False
678,3661,Y,364,[401]Didehydro,ALDOA,HUMAN,Post-translational,False
679,3881,S,36,[1419]15N-oxobutanoic,ALDOA,HUMAN,Post-translational,False
680,3882,T,37,[1419]15N-oxobutanoic,ALDOA,HUMAN,Post-translational,False
681,3883,S,46,[1419]15N-oxobutanoic,ALDOA,HUMAN,Post-translational,False
682,3884,T,49,[1419]15N-oxobutanoic,ALDOA,HUMAN,Post-translational,False
683,3885,T,52,[1419]15N-oxobutanoic,ALDOA,HUMAN,Post-translational,False
684,3886,T,65,[1419]15N-oxobutanoic,ALDOA,HUMAN,Post-translational,False
685,3888,T,119,[1419]15N-oxobutanoic,ALDOA,HUMAN,Post-translational,False
686,3889,T,124,[1419]15N-oxobutanoic,ALDOA,HUMAN,Post-translational,False
687,3890,S,132,[1419]15N-oxobutanoic,ALDOA,HUMAN,Post-translational,False
688,3891,S,176,[1419]15N-oxobutanoic,ALDOA,HUMAN,Post-translational,False
689,3892,S,218,[1419]15N-oxobutanoic,ALDOA,HUMAN,Post-translational,False
690,3893,T,227,[1419]15N-oxobutanoic,ALDOA,HUMAN,Post-translational,False
691,3894,T,253,[1419]15N-oxobutanoic,ALDOA,HUMAN,Post-translational,False
692,3895,S,336,[1419]15N-oxobutanoic,ALDOA,HUMAN,Post-translational,False
693,3896,S,346,[1419]15N-oxobutanoic,ALDOA,HUMAN,Post-translational,False
694,3897,S,354,[1419]15N-oxobutanoic,ALDOA,HUMAN,Post-translational,False
695,3898,S,360,[1419]15N-oxobutanoic,ALDOA,HUMAN,Post-translational,False
696,3899,P,26,[36]Dimethyl,ALDOA,HUMAN,Post-translational,False
697,3900,K,28,[36]Dimethyl,ALDOA,HUMAN,Multiple,False
698,3901,K,42,[36]Dimethyl,ALDOA,HUMAN,Multiple,False
699,3902,N,55,[36]Dimethyl,ALDOA,HUMAN,Post-translational,False
700,3903,N,71,[36]Dimethyl,ALDOA,HUMAN,Post-translational,False
701,3904,K,87,[36]Dimethyl,ALDOA,HUMAN,Multiple,False
702,3905,P,115,[36]Dimethyl,ALDOA,HUMAN,Post-translational,False
703,3906,R,134,[36]Dimethyl,ALDOA,HUMAN,Post-translational,False
704,3907,P,159,[36]Dimethyl,ALDOA,HUMAN,Post-translational,False
705,3908,N,181,[36]Dimethyl,ALDOA,HUMAN,Post-translational,False
706,3909,P,185,[36]Dimethyl,ALDOA,HUMAN,Post-translational,False
707,3910,K,200,[36]Dimethyl,ALDOA,HUMAN,Multiple,False
708,3911,K,230,[36]Dimethyl,ALDOA,HUMAN,Multiple,False
709,3912,N,232,[36]Dimethyl,ALDOA,HUMAN,Post-translational,False
710,3913,P,263,[36]Dimethyl,ALDOA,HUMAN,Post-translational,False
711,3914,K,28,[378]Carboxyethyl,ALDOA,HUMAN,Post-translational,False
712,3915,K,42,[378]Carboxyethyl,ALDOA,HUMAN,Post-translational,False
713,3917,K,87,[378]Carboxyethyl,ALDOA,HUMAN,Post-translational,False
714,3918,K,147,[378]Carboxyethyl,ALDOA,HUMAN,Post-translational,False
715,3921,K,230,[378]Carboxyethyl,ALDOA,HUMAN,Post-translational,False
716,3923,K,243,[378]Carboxyethyl,ALDOA,HUMAN,Post-translational,False
717,3924,K,312,[378]Carboxyethyl,ALDOA,HUMAN,Post-translational,False
718,3925,G,29,[420]Carboxy->Thiocarboxy,ALDOA,HUMAN,Post-translational,False
719,3926,G,38,[420]Carboxy->Thiocarboxy,ALDOA,HUMAN,Post-translational,False
720,3927,G,75,[420]Carboxy->Thiocarboxy,ALDOA,HUMAN,Post-translational,False
721,3928,G,112,[420]Carboxy->Thiocarboxy,ALDOA,HUMAN,Post-translational,False
722,3929,G,118,[420]Carboxy->Thiocarboxy,ALDOA,HUMAN,Post-translational,False
723,3930,G,121,[420]Carboxy->Thiocarboxy,ALDOA,HUMAN,Post-translational,False
724,3931,G,155,[420]Carboxy->Thiocarboxy,ALDOA,HUMAN,Post-translational,False
725,3932,G,182,[420]Carboxy->Thiocarboxy,ALDOA,HUMAN,Post-translational,False
726,3933,G,226,[420]Carboxy->Thiocarboxy,ALDOA,HUMAN,Post-translational,False
727,3934,G,267,[420]Carboxy->Thiocarboxy,ALDOA,HUMAN,Post-translational,False
728,3935,G,273,[420]Carboxy->Thiocarboxy,ALDOA,HUMAN,Post-translational,False
729,3936,G,274,[420]Carboxy->Thiocarboxy,ALDOA,HUMAN,Post-translational,False
730,3937,G,303,[420]Carboxy->Thiocarboxy,ALDOA,HUMAN,Post-translational,False
731,3938,G,347,[420]Carboxy->Thiocarboxy,ALDOA,HUMAN,Post-translational,False
732,3939,G,350,[420]Carboxy->Thiocarboxy,ALDOA,HUMAN,Post-translational,False
733,3940,V,70,[422]PyruvicAcidIminyl,ALDOA,HUMAN,Post-translational,False
734,3941,C,73,[422]PyruvicAcidIminyl,ALDOA,HUMAN,Post-translational,False
735,3942,V,77,[422]PyruvicAcidIminyl,ALDOA,HUMAN,Post-translational,False
736,3943,K,147,[422]PyruvicAcidIminyl,ALDOA,HUMAN,Post-translational,False
737,3944,C,178,[422]PyruvicAcidIminyl,ALDOA,HUMAN,Post-translational,False
738,3945,V,184,[422]PyruvicAcidIminyl,ALDOA,HUMAN,Post-translational,False
739,3946,V,187,[422]PyruvicAcidIminyl,ALDOA,HUMAN,Post-translational,False
740,3947,V,234,[422]PyruvicAcidIminyl,ALDOA,HUMAN,Post-translational,False
741,3948,V,261,[422]PyruvicAcidIminyl,ALDOA,HUMAN,Post-translational,False
742,3964,L,146,[34]Methyl,DDX3X,HUMAN,Post-translational,False
743,3965,R,287,[34]Methyl,DDX3X,HUMAN,Post-translational,False
744,3966,R,294,[34]Methyl,DDX3X,HUMAN,Post-translational,False
745,3967,R,296,[34]Methyl,DDX3X,HUMAN,Post-translational,True
746,3968,D,305,[34]Methyl,DDX3X,HUMAN,Post-translational,False
747,3969,E,358,[34]Methyl,DDX3X,HUMAN,Post-translational,False
748,3970,K,511,[34]Methyl,DDX3X,HUMAN,Post-translational,False
749,3971,H,512,[34]Methyl,DDX3X,HUMAN,Post-translational,False
750,3972,I,514,[34]Methyl,DDX3X,HUMAN,Post-translational,False
751,3973,D,517,[34]Methyl,DDX3X,HUMAN,Post-translational,False
752,3974,K,554,[34]Methyl,DDX3X,HUMAN,Post-translational,False
753,3975,E,562,[34]Methyl,DDX3X,HUMAN,Post-translational,False
754,3976,S,614,[34]Methyl,DDX3X,HUMAN,Post-translational,False
755,3977,S,615,[34]Methyl,DDX3X,HUMAN,Post-translational,False
756,3978,S,616,[34]Methyl,DDX3X,HUMAN,Post-translational,False
757,3979,R,617,[34]Methyl,DDX3X,HUMAN,Post-translational,False
758,4024,K,15,[280]Ethyl,HNRNPA1,HUMAN,Multiple,False
759,4033,K,78,[280]Ethyl,HNRNPA1,HUMAN,Multiple,False
760,4034,K,130,[280]Ethyl,HNRNPA1,HUMAN,Multiple,False
761,4037,K,161,[280]Ethyl,HNRNPA1,HUMAN,Multiple,False
762,4040,K,350,[280]Ethyl,HNRNPA1,HUMAN,Multiple,False
763,4057,T,25,[385]Ammonia-loss,HNRNPA1,HUMAN,Post-translational,False
764,4058,T,39,[385]Ammonia-loss,HNRNPA1,HUMAN,Post-translational,False
765,4059,T,41,[385]Ammonia-loss,HNRNPA1,HUMAN,Post-translational,False
766,4060,T,61,[385]Ammonia-loss,HNRNPA1,HUMAN,Post-translational,False
767,4061,T,64,[385]Ammonia-loss,HNRNPA1,HUMAN,Post-translational,False
768,4063,T,152,[385]Ammonia-loss,HNRNPA1,HUMAN,Post-translational,False
769,4064,S,158,[385]Ammonia-loss,HNRNPA1,HUMAN,Post-translational,False
770,4067,S,360,[385]Ammonia-loss,HNRNPA1,HUMAN,Post-translational,False
771,4183,K,13,[1848]Gluratylation,ALDOA,HUMAN,Post-translational,False
772,4184,K,28,[1848]Gluratylation,ALDOA,HUMAN,Post-translational,False
773,4185,K,42,[1848]Gluratylation,ALDOA,HUMAN,Post-translational,False
774,4186,K,87,[1848]Gluratylation,ALDOA,HUMAN,Post-translational,False
775,4187,K,99,[1848]Gluratylation,ALDOA,HUMAN,Post-translational,False
776,4188,K,108,[1848]Gluratylation,ALDOA,HUMAN,Post-translational,False
777,4189,K,147,[1848]Gluratylation,ALDOA,HUMAN,Post-translational,False
778,4190,K,200,[1848]Gluratylation,ALDOA,HUMAN,Post-translational,False
779,4191,K,230,[1848]Gluratylation,ALDOA,HUMAN,Post-translational,False
780,4192,K,312,[1848]Gluratylation,ALDOA,HUMAN,Post-translational,False
781,4193,K,322,[1848]Gluratylation,ALDOA,HUMAN,Post-translational,False
782,4194,K,330,[1848]Gluratylation,ALDOA,HUMAN,Post-translational,False
783,4205,K,28,[280]Ethyl,ALDOA,HUMAN,Multiple,False
784,4208,K,42,[280]Ethyl,ALDOA,HUMAN,Multiple,False
785,4211,K,87,[280]Ethyl,ALDOA,HUMAN,Multiple,False
786,4212,K,111,[280]Ethyl,ALDOA,HUMAN,Multiple,False
787,4215,K,153,[280]Ethyl,ALDOA,HUMAN,Multiple,False
788,4220,K,230,[280]Ethyl,ALDOA,HUMAN,Multiple,False
789,4221,K,243,[280]Ethyl,ALDOA,HUMAN,Multiple,False
790,4223,D,68,[39]Methylthio,ALDOA,HUMAN,Post-translational,False
791,4225,N,71,[39]Methylthio,ALDOA,HUMAN,Post-translational,False
792,4226,C,73,[39]Methylthio,ALDOA,HUMAN,Multiple,False
793,4229,N,120,[39]Methylthio,ALDOA,HUMAN,Post-translational,False
794,4232,C,178,[39]Methylthio,ALDOA,HUMAN,Multiple,False
795,4233,N,181,[39]Methylthio,ALDOA,HUMAN,Post-translational,False
796,4235,C,339,[39]Methylthio,ALDOA,HUMAN,Multiple,False
797,4236,N,361,[39]Methylthio,ALDOA,HUMAN,Post-translational,False
798,4237,Y,3,[40]Sulfo,ALDOA,HUMAN,Post-translational,False
799,4238,Y,5,[40]Sulfo,ALDOA,HUMAN,Post-translational,False
800,4239,T,9,[40]Sulfo,ALDOA,HUMAN,Post-translational,False
801,4240,S,36,[40]Sulfo,ALDOA,HUMAN,Post-translational,False
802,4241,T,37,[40]Sulfo,ALDOA,HUMAN,Post-translational,False
803,4242,S,39,[40]Sulfo,ALDOA,HUMAN,Post-translational,False
804,4243,S,46,[40]Sulfo,ALDOA,HUMAN,Post-translational,False
805,4244,T,65,[40]Sulfo,ALDOA,HUMAN,Post-translational,False
806,4245,C,73,[40]Sulfo,ALDOA,HUMAN,Post-translational,False
807,4246,T,119,[40]Sulfo,ALDOA,HUMAN,Post-translational,False
808,4247,S,176,[40]Sulfo,ALDOA,HUMAN,Post-translational,False
809,4248,C,178,[40]Sulfo,ALDOA,HUMAN,Post-translational,False
810,4249,S,272,[40]Sulfo,ALDOA,HUMAN,Post-translational,False
811,4250,S,346,[40]Sulfo,ALDOA,HUMAN,Post-translational,False
812,4252,D,245,[447]Deoxy,DDX3X,HUMAN,Post-translational,False
813,4253,D,350,[447]Deoxy,DDX3X,HUMAN,Post-translational,False
814,4254,D,354,[447]Deoxy,DDX3X,HUMAN,Post-translational,False
815,4258,D,459,[447]Deoxy,DDX3X,HUMAN,Post-translational,False
816,4259,D,517,[447]Deoxy,DDX3X,HUMAN,Post-translational,False
817,4292,K,64,[5]Carbamyl,DDX3X,HUMAN,Multiple,False
818,4293,K,66,[5]Carbamyl,DDX3X,HUMAN,Multiple,False
819,4298,K,230,[5]Carbamyl,DDX3X,HUMAN,Multiple,False
820,4300,K,264,[5]Carbamyl,DDX3X,HUMAN,Multiple,False
821,4305,K,342,[5]Carbamyl,DDX3X,HUMAN,Multiple,False
822,4310,K,373,[5]Carbamyl,DDX3X,HUMAN,Multiple,False
823,4313,K,418,[5]Carbamyl,DDX3X,HUMAN,Multiple,False
824,4316,K,452,[5]Carbamyl,DDX3X,HUMAN,Multiple,False
825,4320,K,491,[5]Carbamyl,DDX3X,HUMAN,Multiple,False
826,4322,K,511,[5]Carbamyl,DDX3X,HUMAN,Multiple,False
827,4325,K,554,[5]Carbamyl,DDX3X,HUMAN,Multiple,False
828,4326,K,564,[5]Carbamyl,DDX3X,HUMAN,Multiple,False
829,4516,R,14,[36]Dimethyl,HNRNPA1,HUMAN,Post-translational,False
830,4517,R,31,[36]Dimethyl,HNRNPA1,HUMAN,Post-translational,False
831,4518,R,47,[36]Dimethyl,HNRNPA1,HUMAN,Post-translational,False
832,4519,N,73,[36]Dimethyl,HNRNPA1,HUMAN,Post-translational,False
833,4520,R,140,[36]Dimethyl,HNRNPA1,HUMAN,Post-translational,False
834,4521,K,161,[36]Dimethyl,HNRNPA1,HUMAN,Multiple,False
835,4522,R,194,[36]Dimethyl,HNRNPA1,HUMAN,Post-translational,False
836,4523,R,196,[36]Dimethyl,HNRNPA1,HUMAN,Post-translational,False
837,4524,N,201,[36]Dimethyl,HNRNPA1,HUMAN,Post-translational,False
838,4525,R,206,[36]Dimethyl,HNRNPA1,HUMAN,Post-translational,False
839,4526,R,225,[36]Dimethyl,HNRNPA1,HUMAN,Post-translational,False
840,4527,K,350,[36]Dimethyl,HNRNPA1,HUMAN,Multiple,False
841,4528,P,351,[36]Dimethyl,HNRNPA1,HUMAN,Post-translational,False
842,4529,R,352,[36]Dimethyl,HNRNPA1,HUMAN,Post-translational,False
843,4530,N,353,[36]Dimethyl,HNRNPA1,HUMAN,Post-translational,False
844,4531,R,370,[36]Dimethyl,HNRNPA1,HUMAN,Post-translational,False
845,4535,D,42,[447]Deoxy,HNRNPA1,HUMAN,Post-translational,False
846,4536,D,48,[447]Deoxy,HNRNPA1,HUMAN,Post-translational,False
847,4539,D,69,[447]Deoxy,HNRNPA1,HUMAN,Post-translational,False
848,4542,D,154,[447]Deoxy,HNRNPA1,HUMAN,Post-translational,False
849,4543,D,155,[447]Deoxy,HNRNPA1,HUMAN,Post-translational,False
850,4544,D,157,[447]Deoxy,HNRNPA1,HUMAN,Post-translational,False
851,4546,E,24,[299]Carboxy,HNRNPA1,HUMAN,Post-translational,False
852,4547,E,35,[299]Carboxy,HNRNPA1,HUMAN,Post-translational,False
853,4549,D,42,[299]Carboxy,HNRNPA1,HUMAN,Post-translational,False
854,4550,M,46,[299]Carboxy,HNRNPA1,HUMAN,Post-translational,False
855,4551,E,66,[299]Carboxy,HNRNPA1,HUMAN,Post-translational,False
856,4552,M,72,[299]Carboxy,HNRNPA1,HUMAN,Post-translational,False
857,4553,E,117,[299]Carboxy,HNRNPA1,HUMAN,Post-translational,False
858,4554,M,137,[299]Carboxy,HNRNPA1,HUMAN,Post-translational,False
859,4555,D,154,[299]Carboxy,HNRNPA1,HUMAN,Post-translational,False
860,4556,K,166,[299]Carboxy,HNRNPA1,HUMAN,Post-translational,False
861,4557,K,350,[299]Carboxy,HNRNPA1,HUMAN,Post-translational,False
862,4663,Q,45,[528]Methyl+Deamidated,ALDOA,HUMAN,Post-translational,False
863,4667,Q,179,[528]Methyl+Deamidated,ALDOA,HUMAN,Post-translational,False
864,4668,Q,180,[528]Methyl+Deamidated,ALDOA,HUMAN,Post-translational,False
865,4671,Q,275,[528]Methyl+Deamidated,ALDOA,HUMAN,Post-translational,False
866,4672,Q,340,[528]Methyl+Deamidated,ALDOA,HUMAN,Post-translational,False
867,4673,Q,348,[528]Methyl+Deamidated,ALDOA,HUMAN,Post-translational,False
868,4674,K,28,[41]Hex,ALDOA,HUMAN,Other glycosylation,False
869,4675,T,65,[41]Hex,ALDOA,HUMAN,O-linked glycosylation,False
870,4676,C,73,[41]Hex,ALDOA,HUMAN,Other glycosylation,False
871,4677,R,173,[41]Hex,ALDOA,HUMAN,Other glycosylation,False
872,4678,C,178,[41]Hex,ALDOA,HUMAN,Other glycosylation,False
873,4679,N,181,[41]Hex,ALDOA,HUMAN,N-linked glycosylation,False
874,4680,T,227,[41]Hex,ALDOA,HUMAN,O-linked glycosylation,False
875,4681,K,230,[41]Hex,ALDOA,HUMAN,Other glycosylation,False
876,4682,C,339,[41]Hex,ALDOA,HUMAN,Other glycosylation,False
877,4683,N,71,[414]Hydroxymethyl,ALDOA,HUMAN,Post-translational,False
878,4684,N,120,[414]Hydroxymethyl,ALDOA,HUMAN,Post-translational,False
879,4685,N,167,[414]Hydroxymethyl,ALDOA,HUMAN,Post-translational,False
880,4686,N,169,[414]Hydroxymethyl,ALDOA,HUMAN,Post-translational,False
881,4687,N,181,[414]Hydroxymethyl,ALDOA,HUMAN,Post-translational,False
882,4688,N,285,[414]Hydroxymethyl,ALDOA,HUMAN,Post-translational,False
883,4689,N,361,[414]Hydroxymethyl,ALDOA,HUMAN,Post-translational,False
884,4748,K,162,[280]Ethyl,DDX3X,HUMAN,Multiple,False
885,4749,K,230,[280]Ethyl,DDX3X,HUMAN,Multiple,False
886,4750,K,264,[280]Ethyl,DDX3X,HUMAN,Multiple,False
887,4753,K,342,[280]Ethyl,DDX3X,HUMAN,Multiple,False
888,4756,K,440,[280]Ethyl,DDX3X,HUMAN,Multiple,False
889,4757,K,451,[280]Ethyl,DDX3X,HUMAN,Multiple,False
890,4759,K,491,[280]Ethyl,DDX3X,HUMAN,Multiple,False
891,4760,K,511,[280]Ethyl,DDX3X,HUMAN,Multiple,False
892,4764,K,564,[280]Ethyl,DDX3X,HUMAN,Multiple,False
893,4903,S,22,[1419]15N-oxobutanoic,HNRNPA1,HUMAN,Post-translational,False
894,4904,T,25,[1419]15N-oxobutanoic,HNRNPA1,HUMAN,Post-translational,False
895,4905,T,26,[1419]15N-oxobutanoic,HNRNPA1,HUMAN,Post-translational,False
896,4906,S,29,[1419]15N-oxobutanoic,HNRNPA1,HUMAN,Post-translational,False
897,4907,T,39,[1419]15N-oxobutanoic,HNRNPA1,HUMAN,Post-translational,False
898,4908,T,41,[1419]15N-oxobutanoic,HNRNPA1,HUMAN,Post-translational,False
899,4909,T,61,[1419]15N-oxobutanoic,HNRNPA1,HUMAN,Post-translational,False
900,4910,T,103,[1419]15N-oxobutanoic,HNRNPA1,HUMAN,Post-translational,False
901,4911,T,138,[1419]15N-oxobutanoic,HNRNPA1,HUMAN,Post-translational,False
902,4912,T,152,[1419]15N-oxobutanoic,HNRNPA1,HUMAN,Post-translational,False
903,4913,S,158,[1419]15N-oxobutanoic,HNRNPA1,HUMAN,Post-translational,False
904,4914,S,361,[1419]15N-oxobutanoic,HNRNPA1,HUMAN,Post-translational,False
905,4915,S,362,[1419]15N-oxobutanoic,HNRNPA1,HUMAN,Post-translational,False
906,4916,S,363,[1419]15N-oxobutanoic,HNRNPA1,HUMAN,Post-translational,False
907,4917,S,364,[1419]15N-oxobutanoic,HNRNPA1,HUMAN,Post-translational,False
908,4928,S,22,[401]Didehydro,HNRNPA1,HUMAN,Post-translational,False
909,4933,Y,62,[401]Didehydro,HNRNPA1,HUMAN,Post-translational,False
910,4936,S,191,[401]Didehydro,HNRNPA1,HUMAN,Post-translational,False
911,4937,Y,341,[401]Didehydro,HNRNPA1,HUMAN,Post-translational,False
912,4938,Y,357,[401]Didehydro,HNRNPA1,HUMAN,Post-translational,False
913,4939,S,360,[401]Didehydro,HNRNPA1,HUMAN,Post-translational,False
914,4940,Y,366,[401]Didehydro,HNRNPA1,HUMAN,Post-translational,False
915,4941,G,20,[420]Carboxy->Thiocarboxy,HNRNPA1,HUMAN,Post-translational,False
916,4942,G,38,[420]Carboxy->Thiocarboxy,HNRNPA1,HUMAN,Post-translational,False
917,4943,G,147,[420]Carboxy->Thiocarboxy,HNRNPA1,HUMAN,Post-translational,False
918,4944,G,203,[420]Carboxy->Thiocarboxy,HNRNPA1,HUMAN,Post-translational,False
919,4945,G,342,[420]Carboxy->Thiocarboxy,HNRNPA1,HUMAN,Post-translational,False
920,4946,G,343,[420]Carboxy->Thiocarboxy,HNRNPA1,HUMAN,Post-translational,False
921,4947,G,356,[420]Carboxy->Thiocarboxy,HNRNPA1,HUMAN,Post-translational,False
922,4948,G,358,[420]Carboxy->Thiocarboxy,HNRNPA1,HUMAN,Post-translational,False
923,4949,G,359,[420]Carboxy->Thiocarboxy,HNRNPA1,HUMAN,Post-translational,False
924,4950,G,367,[420]Carboxy->Thiocarboxy,HNRNPA1,HUMAN,Post-translational,False
925,4951,G,369,[420]Carboxy->Thiocarboxy,HNRNPA1,HUMAN,Post-translational,False
926,5004,C,73,[55]Glutathione,ALDOA,HUMAN,Post-translational,False
927,5005,C,135,[55]Glutathione,ALDOA,HUMAN,Post-translational,False
928,5006,C,178,[55]Glutathione,ALDOA,HUMAN,Post-translational,False
929,5007,C,240,[55]Glutathione,ALDOA,HUMAN,Post-translational,False
930,5008,C,339,[55]Glutathione,ALDOA,HUMAN,Post-translational,False
931,5306,T,65,[454]HexN,ALDOA,HUMAN,O-linked glycosylation,False
932,5307,N,71,[454]HexN,ALDOA,HUMAN,N-linked glycosylation,False
933,5308,T,119,[454]HexN,ALDOA,HUMAN,O-linked glycosylation,False
934,5309,S,176,[454]HexN,ALDOA,HUMAN,O-linked glycosylation,False
935,5310,N,181,[454]HexN,ALDOA,HUMAN,N-linked glycosylation,False
936,5311,T,241,[454]HexN,ALDOA,HUMAN,O-linked glycosylation,False
937,5312,T,266,[454]HexN,ALDOA,HUMAN,O-linked glycosylation,False
938,5313,K,28,[747]Malonyl,ALDOA,HUMAN,Post-translational,False
939,5319,K,230,[747]Malonyl,ALDOA,HUMAN,Post-translational,False
940,5320,K,312,[747]Malonyl,ALDOA,HUMAN,Post-translational,False
941,5321,K,317,[747]Malonyl,ALDOA,HUMAN,Post-translational,False
942,5322,K,322,[747]Malonyl,ALDOA,HUMAN,Post-translational,False
943,5373,S,244,[385]Ammonia-loss,DDX3X,HUMAN,Post-translational,False
944,5374,S,456,[385]Ammonia-loss,DDX3X,HUMAN,Post-translational,False
945,5375,T,498,[385]Ammonia-loss,DDX3X,HUMAN,Post-translational,False
946,5377,S,520,[385]Ammonia-loss,DDX3X,HUMAN,Post-translational,False
947,5378,S,569,[385]Ammonia-loss,DDX3X,HUMAN,Post-translational,False
948,5379,S,605,[385]Ammonia-loss,DDX3X,HUMAN,Post-translational,False
949,5380,S,606,[385]Ammonia-loss,DDX3X,HUMAN,Post-translational,False
950,5407,K,55,[1848]Gluratylation,DDX3X,HUMAN,Post-translational,False
951,5408,K,64,[1848]Gluratylation,DDX3X,HUMAN,Post-translational,False
952,5409,K,138,[1848]Gluratylation,DDX3X,HUMAN,Post-translational,False
953,5410,K,208,[1848]Gluratylation,DDX3X,HUMAN,Post-translational,False
954,5411,K,215,[1848]Gluratylation,DDX3X,HUMAN,Post-translational,False
955,5412,K,342,[1848]Gluratylation,DDX3X,HUMAN,Post-translational,False
956,5413,K,373,[1848]Gluratylation,DDX3X,HUMAN,Post-translational,False
957,5414,K,418,[1848]Gluratylation,DDX3X,HUMAN,Post-translational,False
958,5415,K,451,[1848]Gluratylation,DDX3X,HUMAN,Post-translational,False
959,5416,K,511,[1848]Gluratylation,DDX3X,HUMAN,Post-translational,False
960,5417,K,554,[1848]Gluratylation,DDX3X,HUMAN,Post-translational,False
961,5418,K,564,[1848]Gluratylation,DDX3X,HUMAN,Post-translational,False
962,5444,H,33,[53]HNE,HNRNPA1,HUMAN,Post-translational,False
963,5445,K,52,[53]HNE,HNRNPA1,HUMAN,Post-translational,False
964,5446,A,63,[53]HNE,HNRNPA1,HUMAN,Post-translational,False
965,5447,A,149,[53]HNE,HNRNPA1,HUMAN,Post-translational,False
966,5448,H,156,[53]HNE,HNRNPA1,HUMAN,Post-translational,False
967,5449,K,161,[53]HNE,HNRNPA1,HUMAN,Post-translational,False
968,5450,K,166,[53]HNE,HNRNPA1,HUMAN,Post-translational,False
969,5545,T,119,[1367]dHex(1)Hex(1),ALDOA,HUMAN,O-linked glycosylation,False
970,5546,S,160,[1367]dHex(1)Hex(1),ALDOA,HUMAN,O-linked glycosylation,False
971,5547,S,176,[1367]dHex(1)Hex(1),ALDOA,HUMAN,O-linked glycosylation,False
972,5548,S,245,[1367]dHex(1)Hex(1),ALDOA,HUMAN,O-linked glycosylation,False
973,5549,S,272,[1367]dHex(1)Hex(1),ALDOA,HUMAN,O-linked glycosylation,False
974,5550,S,354,[1367]dHex(1)Hex(1),ALDOA,HUMAN,O-linked glycosylation,False
975,5560,K,28,[1849]hydroxyisobutyryl,ALDOA,HUMAN,Post-translational,False
976,5561,K,42,[1849]hydroxyisobutyryl,ALDOA,HUMAN,Post-translational,False
977,5562,K,147,[1849]hydroxyisobutyryl,ALDOA,HUMAN,Post-translational,False
978,5563,K,230,[1849]hydroxyisobutyryl,ALDOA,HUMAN,Post-translational,False
979,5564,K,312,[1849]hydroxyisobutyryl,ALDOA,HUMAN,Post-translational,False
980,5565,K,322,[1849]hydroxyisobutyryl,ALDOA,HUMAN,Post-translational,False
981,5566,K,330,[1849]hydroxyisobutyryl,ALDOA,HUMAN,Post-translational,False
982,5589,C,73,[312]Cysteinyl,ALDOA,HUMAN,Multiple,False
983,5590,C,178,[312]Cysteinyl,ALDOA,HUMAN,Multiple,False
984,5591,C,240,[312]Cysteinyl,ALDOA,HUMAN,Multiple,False
985,5592,C,339,[312]Cysteinyl,ALDOA,HUMAN,Multiple,False
986,5601,C,73,[382]Cys->PyruvicAcid,ALDOA,HUMAN,Post-translational,False
987,5602,C,135,[382]Cys->PyruvicAcid,ALDOA,HUMAN,Post-translational,False
988,5603,C,178,[382]Cys->PyruvicAcid,ALDOA,HUMAN,Post-translational,False
989,5604,C,240,[382]Cys->PyruvicAcid,ALDOA,HUMAN,Post-translational,False
990,5605,C,339,[382]Cys->PyruvicAcid,ALDOA,HUMAN,Post-translational,False
991,5606,S,36,[403]Ser->LacticAcid,ALDOA,HUMAN,Post-translational,False
992,5607,S,46,[403]Ser->LacticAcid,ALDOA,HUMAN,Post-translational,False
993,5608,S,132,[403]Ser->LacticAcid,ALDOA,HUMAN,Post-translational,False
994,5609,S,160,[403]Ser->LacticAcid,ALDOA,HUMAN,Post-translational,False
995,5610,S,176,[403]Ser->LacticAcid,ALDOA,HUMAN,Post-translational,False
996,5611,S,272,[403]Ser->LacticAcid,ALDOA,HUMAN,Post-translational,False
997,5612,S,276,[403]Ser->LacticAcid,ALDOA,HUMAN,Post-translational,False
998,5613,D,34,[421]Sulfide,ALDOA,HUMAN,Post-translational,False
999,5614,D,67,[421]Sulfide,ALDOA,HUMAN,Post-translational,False
1000,5615,D,68,[421]Sulfide,ALDOA,HUMAN,Post-translational,False
1001,5616,C,73,[421]Sulfide,ALDOA,HUMAN,Post-translational,False
1002,5617,C,178,[421]Sulfide,ALDOA,HUMAN,Post-translational,False
1003,5712,Y,69,[40]Sulfo,DDX3X,HUMAN,Post-translational,False
1004,5713,Y,104,[40]Sulfo,DDX3X,HUMAN,Post-translational,False
1005,5714,S,152,[40]Sulfo,DDX3X,HUMAN,Post-translational,False
1006,5715,S,520,[40]Sulfo,DDX3X,HUMAN,Post-translational,False
1007,5716,S,605,[40]Sulfo,DDX3X,HUMAN,Post-translational,False
1008,5717,S,606,[40]Sulfo,DDX3X,HUMAN,Post-translational,False
1009,5718,S,609,[40]Sulfo,DDX3X,HUMAN,Post-translational,False
1010,5719,S,612,[40]Sulfo,DDX3X,HUMAN,Post-translational,False
1011,5735,C,223,[55]Glutathione,DDX3X,HUMAN,Post-translational,False
1012,5736,C,298,[55]Glutathione,DDX3X,HUMAN,Post-translational,False
1013,5737,C,317,[55]Glutathione,DDX3X,HUMAN,Post-translational,False
1014,5738,C,468,[55]Glutathione,DDX3X,HUMAN,Post-translational,False
1015,5839,D,42,[421]Sulfide,HNRNPA1,HUMAN,Post-translational,False
1016,5840,D,48,[421]Sulfide,HNRNPA1,HUMAN,Post-translational,False
1017,5841,D,69,[421]Sulfide,HNRNPA1,HUMAN,Post-translational,False
1018,5842,D,154,[421]Sulfide,HNRNPA1,HUMAN,Post-translational,False
1019,5843,D,155,[421]Sulfide,HNRNPA1,HUMAN,Post-translational,False
1020,5844,D,157,[421]Sulfide,HNRNPA1,HUMAN,Post-translational,False
1021,5845,A,63,[37]Trimethyl,HNRNPA1,HUMAN,Post-translational,False
1022,5846,A,71,[37]Trimethyl,HNRNPA1,HUMAN,Post-translational,False
1023,5847,A,74,[37]Trimethyl,HNRNPA1,HUMAN,Post-translational,False
1024,5850,K,350,[37]Trimethyl,HNRNPA1,HUMAN,Post-translational,False
1025,5851,K,8,[1848]Gluratylation,HNRNPA1,HUMAN,Post-translational,False
1026,5852,K,105,[1848]Gluratylation,HNRNPA1,HUMAN,Post-translational,False
1027,5853,K,130,[1848]Gluratylation,HNRNPA1,HUMAN,Post-translational,False
1028,5854,K,161,[1848]Gluratylation,HNRNPA1,HUMAN,Post-translational,False
1029,5855,K,166,[1848]Gluratylation,HNRNPA1,HUMAN,Post-translational,False
1030,5856,K,183,[1848]Gluratylation,HNRNPA1,HUMAN,Post-translational,False
1031,5857,K,350,[1848]Gluratylation,HNRNPA1,HUMAN,Post-translational,False
1032,5858,N,71,[910]Bacillosamine,ALDOA,HUMAN,N-linked glycosylation,False
1033,5859,N,120,[910]Bacillosamine,ALDOA,HUMAN,N-linked glycosylation,False
1034,5860,N,167,[910]Bacillosamine,ALDOA,HUMAN,N-linked glycosylation,False
1035,5861,N,181,[910]Bacillosamine,ALDOA,HUMAN,N-linked glycosylation,False
1036,5862,N,232,[910]Bacillosamine,ALDOA,HUMAN,N-linked glycosylation,False
1037,5898,K,13,[1388]HN2_mustard,ALDOA,HUMAN,Post-translational,False
1038,5899,K,14,[1388]HN2_mustard,ALDOA,HUMAN,Post-translational,False
1039,5900,C,73,[1388]HN2_mustard,ALDOA,HUMAN,Post-translational,False
1040,5901,H,157,[1388]HN2_mustard,ALDOA,HUMAN,Post-translational,False
1041,5902,C,178,[1388]HN2_mustard,ALDOA,HUMAN,Post-translational,False
1042,5903,K,230,[1388]HN2_mustard,ALDOA,HUMAN,Post-translational,False
1043,5904,K,317,[1388]HN2_mustard,ALDOA,HUMAN,Post-translational,False
1044,5909,C,73,[1327]SulfurDioxide,ALDOA,HUMAN,Post-translational,False
1045,5910,C,178,[1327]SulfurDioxide,ALDOA,HUMAN,Post-translational,False
1046,5911,C,240,[1327]SulfurDioxide,ALDOA,HUMAN,Post-translational,False
1047,5912,C,339,[1327]SulfurDioxide,ALDOA,HUMAN,Post-translational,False
1048,5918,T,65,[1303]NeuAc,ALDOA,HUMAN,O-linked glycosylation,False
1049,5919,N,167,[1303]NeuAc,ALDOA,HUMAN,N-linked glycosylation,False
1050,5920,N,181,[1303]NeuAc,ALDOA,HUMAN,N-linked glycosylation,False
1051,5921,N,232,[1303]NeuAc,ALDOA,HUMAN,N-linked glycosylation,False
1052,5922,T,235,[1303]NeuAc,ALDOA,HUMAN,O-linked glycosylation,False
1053,6000,W,37,[392]Quinone,HNRNPA1,HUMAN,Post-translational,False
1054,6001,Y,62,[392]Quinone,HNRNPA1,HUMAN,Post-translational,False
1055,6002,Y,341,[392]Quinone,HNRNPA1,HUMAN,Post-translational,False
1056,6003,Y,357,[392]Quinone,HNRNPA1,HUMAN,Post-translational,False
1057,6004,Y,366,[392]Quinone,HNRNPA1,HUMAN,Post-translational,False
1058,6077,S,456,[401]Didehydro,DDX3X,HUMAN,Post-translational,False
1059,6078,Y,462,[401]Didehydro,DDX3X,HUMAN,Post-translational,False
1060,6079,Y,466,[401]Didehydro,DDX3X,HUMAN,Post-translational,False
1061,6080,S,605,[401]Didehydro,DDX3X,HUMAN,Post-translational,False
1062,6081,S,606,[401]Didehydro,DDX3X,HUMAN,Post-translational,False
1063,6082,S,244,[403]Ser->LacticAcid,DDX3X,HUMAN,Post-translational,False
1064,6083,S,520,[403]Ser->LacticAcid,DDX3X,HUMAN,Post-translational,False
1065,6084,S,569,[403]Ser->LacticAcid,DDX3X,HUMAN,Post-translational,False
1066,6085,S,606,[403]Ser->LacticAcid,DDX3X,HUMAN,Post-translational,False
1067,6086,S,610,[403]Ser->LacticAcid,DDX3X,HUMAN,Post-translational,False
1068,6095,Y,69,[21]Phospho,DDX3X,HUMAN,Post-translational,False
1069,6096,Y,104,[21]Phospho,DDX3X,HUMAN,Post-translational,False
1070,6097,S,456,[21]Phospho,DDX3X,HUMAN,Post-translational,False
1071,6098,S,492,[21]Phospho,DDX3X,HUMAN,Post-translational,False
1072,6099,D,517,[21]Phospho,DDX3X,HUMAN,Post-translational,False
1073,6100,S,520,[21]Phospho,DDX3X,HUMAN,Post-translational,False
1074,6101,S,591,[21]Phospho,DDX3X,HUMAN,Post-translational,False
1075,6102,S,606,[21]Phospho,DDX3X,HUMAN,Post-translational,False
1076,6103,S,609,[21]Phospho,DDX3X,HUMAN,Post-translational,False
1077,6104,S,612,[21]Phospho,DDX3X,HUMAN,Post-translational,False
1078,6184,S,83,[385]Ammonia-loss,TGFB1,HUMAN,Post-translational,False
1079,6185,S,127,[385]Ammonia-loss,TGFB1,HUMAN,Post-translational,False
1080,6186,T,128,[385]Ammonia-loss,TGFB1,HUMAN,Post-translational,False
1081,6197,D,34,[1356]phosphoRibosyl,ALDOA,HUMAN,Post-translational,False
1082,6198,E,35,[1356]phosphoRibosyl,ALDOA,HUMAN,Post-translational,False
1083,6199,E,188,[1356]phosphoRibosyl,ALDOA,HUMAN,Post-translational,False
1084,6200,E,225,[1356]phosphoRibosyl,ALDOA,HUMAN,Post-translational,False
1085,6201,K,13,[1387]3-phosphoglyceryl,ALDOA,HUMAN,Post-translational,False
1086,6202,K,28,[1387]3-phosphoglyceryl,ALDOA,HUMAN,Post-translational,False
1087,6203,K,42,[1387]3-phosphoglyceryl,ALDOA,HUMAN,Post-translational,False
1088,6204,K,230,[1387]3-phosphoglyceryl,ALDOA,HUMAN,Post-translational,False
1089,6213,T,119,[1930]Pent(2),ALDOA,HUMAN,O-linked glycosylation,False
1090,6214,T,124,[1930]Pent(2),ALDOA,HUMAN,O-linked glycosylation,False
1091,6215,S,176,[1930]Pent(2),ALDOA,HUMAN,O-linked glycosylation,False
1092,6216,T,227,[1930]Pent(2),ALDOA,HUMAN,O-linked glycosylation,False
1093,6217,T,65,[1931]Pent(1)HexNAc(1),ALDOA,HUMAN,O-linked glycosylation,False
1094,6218,T,119,[1931]Pent(1)HexNAc(1),ALDOA,HUMAN,O-linked glycosylation,False
1095,6219,S,160,[1931]Pent(1)HexNAc(1),ALDOA,HUMAN,O-linked glycosylation,False
1096,6220,S,176,[1931]Pent(1)HexNAc(1),ALDOA,HUMAN,O-linked glycosylation,False
1097,6226,Q,179,[1992]serotonylation,ALDOA,HUMAN,Post-translational,False
1098,6227,Q,180,[1992]serotonylation,ALDOA,HUMAN,Post-translational,False
1099,6228,Q,242,[1992]serotonylation,ALDOA,HUMAN,Post-translational,False
1100,6229,Q,275,[1992]serotonylation,ALDOA,HUMAN,Post-translational,False
1101,6262,P,26,[529]Delta:H(5)C(2),ALDOA,HUMAN,Post-translational,False
1102,6263,P,115,[529]Delta:H(5)C(2),ALDOA,HUMAN,Post-translational,False
1103,6264,P,159,[529]Delta:H(5)C(2),ALDOA,HUMAN,Post-translational,False
1104,6265,P,185,[529]Delta:H(5)C(2),ALDOA,HUMAN,Post-translational,False
1105,6266,P,189,[529]Delta:H(5)C(2),ALDOA,HUMAN,Post-translational,False
1106,6267,P,231,[529]Delta:H(5)C(2),ALDOA,HUMAN,Post-translational,False
1107,6417,S,361,[898]pyrophospho,HNRNPA1,HUMAN,Post-translational,False
1108,6418,S,363,[898]pyrophospho,HNRNPA1,HUMAN,Post-translational,False
1109,6419,S,364,[898]pyrophospho,HNRNPA1,HUMAN,Post-translational,False
1110,6420,S,368,[898]pyrophospho,HNRNPA1,HUMAN,Post-translational,False
1111,6428,T,26,[449]Decanoyl,HNRNPA1,HUMAN,Post-translational,False
1112,6429,S,29,[449]Decanoyl,HNRNPA1,HUMAN,Post-translational,False
1113,6430,S,142,[449]Decanoyl,HNRNPA1,HUMAN,Post-translational,False
1114,6431,S,337,[449]Decanoyl,HNRNPA1,HUMAN,Post-translational,False
1115,6433,D,42,[39]Methylthio,HNRNPA1,HUMAN,Post-translational,False
1116,6434,C,43,[39]Methylthio,HNRNPA1,HUMAN,Multiple,False
1117,6438,N,353,[39]Methylthio,HNRNPA1,HUMAN,Post-translational,False
1118,6440,K,166,[378]Carboxyethyl,HNRNPA1,HUMAN,Post-translational,False
1119,6441,K,350,[378]Carboxyethyl,HNRNPA1,HUMAN,Post-translational,False
1120,6488,D,474,[421]Sulfide,DDX3X,HUMAN,Post-translational,False
1121,6490,K,162,[36]Dimethyl,DDX3X,HUMAN,Multiple,False
1122,6491,K,387,[36]Dimethyl,DDX3X,HUMAN,Multiple,False
1123,6492,K,440,[36]Dimethyl,DDX3X,HUMAN,Multiple,False
1124,6493,K,451,[36]Dimethyl,DDX3X,HUMAN,Multiple,False
1125,6494,R,503,[36]Dimethyl,DDX3X,HUMAN,Post-translational,False
1126,6495,N,546,[36]Dimethyl,DDX3X,HUMAN,Post-translational,False
1127,6496,K,564,[36]Dimethyl,DDX3X,HUMAN,Multiple,False
1128,6502,K,208,[1]Acetyl,DDX3X,HUMAN,Multiple,False
1129,6506,S,429,[1]Acetyl,DDX3X,HUMAN,Post-translational,False
1130,6507,K,440,[1]Acetyl,DDX3X,HUMAN,Multiple,False
1131,6508,C,468,[1]Acetyl,DDX3X,HUMAN,Post-translational,False
1132,6509,K,491,[1]Acetyl,DDX3X,HUMAN,Multiple,False
1133,6510,S,520,[1]Acetyl,DDX3X,HUMAN,Post-translational,False
1134,6511,K,554,[1]Acetyl,DDX3X,HUMAN,Multiple,False
1135,6619,K,230,[1041]Deoxyhypusine,ALDOA,HUMAN,Post-translational,False
1136,6637,N,71,[1304]NeuGc,ALDOA,HUMAN,N-linked glycosylation,False
1137,6638,T,119,[1304]NeuGc,ALDOA,HUMAN,O-linked glycosylation,False
1138,6639,N,181,[1304]NeuGc,ALDOA,HUMAN,N-linked glycosylation,False
1139,6640,T,235,[1304]NeuGc,ALDOA,HUMAN,O-linked glycosylation,False
1140,6656,C,73,[1389]HN3_mustard,ALDOA,HUMAN,Post-translational,False
1141,6657,C,178,[1389]HN3_mustard,ALDOA,HUMAN,Post-translational,False
1142,6658,K,230,[1389]HN3_mustard,ALDOA,HUMAN,Post-translational,False
1143,6667,A,163,[1400]MurNAc,ALDOA,HUMAN,Other glycosylation,False
1144,6668,A,175,[1400]MurNAc,ALDOA,HUMAN,Other glycosylation,False
1145,6669,A,264,[1400]MurNAc,ALDOA,HUMAN,Other glycosylation,False
1146,6670,T,119,[1425]Pentose,ALDOA,HUMAN,O-linked glycosylation,False
1147,6671,S,176,[1425]Pentose,ALDOA,HUMAN,O-linked glycosylation,False
1148,6672,T,227,[1425]Pentose,ALDOA,HUMAN,O-linked glycosylation,False
1149,6692,S,17,[295]dHex,ALDOA,HUMAN,O-linked glycosylation,False
1150,6693,T,119,[295]dHex,ALDOA,HUMAN,O-linked glycosylation,False
1151,6694,N,120,[295]dHex,ALDOA,HUMAN,N-linked glycosylation,False
1152,6695,K,28,[352]Lys->Allysine,ALDOA,HUMAN,Post-translational,False
1153,6696,K,42,[352]Lys->Allysine,ALDOA,HUMAN,Post-translational,False
1154,6697,K,230,[352]Lys->Allysine,ALDOA,HUMAN,Post-translational,False
1155,6701,S,39,[429]PhosphoHex,ALDOA,HUMAN,O-linked glycosylation,False
1156,6702,T,123,[429]PhosphoHex,ALDOA,HUMAN,O-linked glycosylation,False
1157,6703,S,176,[429]PhosphoHex,ALDOA,HUMAN,O-linked glycosylation,False
1158,6704,T,227,[429]PhosphoHex,ALDOA,HUMAN,O-linked glycosylation,False
1159,6705,S,46,[43]HexNAc,ALDOA,HUMAN,O-linked glycosylation,False
1160,6706,C,73,[43]HexNAc,ALDOA,HUMAN,Other glycosylation,False
1161,6707,N,232,[43]HexNAc,ALDOA,HUMAN,N-linked glycosylation,False
1162,6708,C,73,[440]Amidino,ALDOA,HUMAN,Post-translational,False
1163,6709,C,178,[440]Amidino,ALDOA,HUMAN,Post-translational,False
1164,6710,K,28,[445]Hydroxytrimethyl,ALDOA,HUMAN,Post-translational,False
1165,6711,K,230,[445]Hydroxytrimethyl,ALDOA,HUMAN,Post-translational,False
1166,6712,K,28,[490]Hep,ALDOA,HUMAN,Other glycosylation,False
1167,6713,Q,179,[490]Hep,ALDOA,HUMAN,Other glycosylation,False
1168,6714,N,181,[490]Hep,ALDOA,HUMAN,N-linked glycosylation,False
1169,6715,K,230,[490]Hep,ALDOA,HUMAN,Other glycosylation,False
1170,6754,T,119,[959]Phosphopropargyl,ALDOA,HUMAN,Multiple,False
1171,6755,Y,174,[959]Phosphopropargyl,ALDOA,HUMAN,Multiple,False
1172,6756,S,176,[959]Phosphopropargyl,ALDOA,HUMAN,Multiple,False
1173,6974,R,206,[830]Dihydroxyimidazolidine,HNRNPA1,HUMAN,Multiple,False
1174,6975,R,336,[830]Dihydroxyimidazolidine,HNRNPA1,HUMAN,Multiple,False
1175,6976,R,370,[830]Dihydroxyimidazolidine,HNRNPA1,HUMAN,Multiple,False
1176,6984,Q,36,[528]Methyl+Deamidated,HNRNPA1,HUMAN,Post-translational,False
1177,6992,S,22,[454]HexN,HNRNPA1,HUMAN,O-linked glycosylation,False
1178,6993,T,41,[454]HexN,HNRNPA1,HUMAN,O-linked glycosylation,False
1179,6994,N,174,[454]HexN,HNRNPA1,HUMAN,N-linked glycosylation,False
1180,6995,S,360,[454]HexN,HNRNPA1,HUMAN,O-linked glycosylation,False
1181,6996,S,362,[454]HexN,HNRNPA1,HUMAN,O-linked glycosylation,False
1182,6997,C,43,[41]Hex,HNRNPA1,HUMAN,Other glycosylation,False
1183,6998,K,166,[41]Hex,HNRNPA1,HUMAN,Other glycosylation,False
1184,6999,C,175,[41]Hex,HNRNPA1,HUMAN,Other glycosylation,False
1185,7030,T,41,[1304]NeuGc,HNRNPA1,HUMAN,O-linked glycosylation,False
1186,7031,N,353,[1304]NeuGc,HNRNPA1,HUMAN,N-linked glycosylation,False
1187,7032,S,360,[1304]NeuGc,HNRNPA1,HUMAN,O-linked glycosylation,False
1188,7063,E,464,[299]Carboxy,DDX3X,HUMAN,Post-translational,False
1189,7064,D,517,[299]Carboxy,DDX3X,HUMAN,Post-translational,False
1190,7075,N,155,[414]Hydroxymethyl,DDX3X,HUMAN,Post-translational,False
1191,7076,N,515,[414]Hydroxymethyl,DDX3X,HUMAN,Post-translational,False
1192,7077,N,537,[414]Hydroxymethyl,DDX3X,HUMAN,Post-translational,False
1193,7082,P,237,[529]Delta:H(5)C(2),DDX3X,HUMAN,Post-translational,False
1194,7083,P,519,[529]Delta:H(5)C(2),DDX3X,HUMAN,Post-translational,False
1195,7084,P,568,[529]Delta:H(5)C(2),DDX3X,HUMAN,Post-translational,True
1196,7100,A,437,[53]HNE,DDX3X,HUMAN,Post-translational,False
1197,7101,K,440,[53]HNE,DDX3X,HUMAN,Post-translational,False
1198,7102,A,454,[53]HNE,DDX3X,HUMAN,Post-translational,False
1199,7187,C,322,[374]Dehydro,TGFB1,HUMAN,Multiple,False
1200,7188,C,326,[374]Dehydro,TGFB1,HUMAN,Multiple,False
1201,7195,K,125,[5]Carbamyl,TGFB1,HUMAN,Multiple,False
1202,7196,K,161,[5]Carbamyl,TGFB1,HUMAN,Multiple,False
1203,7217,K,28,[1270]HCysThiolactone,ALDOA,HUMAN,Post-translational,False
1204,7218,K,230,[1270]HCysThiolactone,ALDOA,HUMAN,Post-translational,False
1205,7221,K,28,[1289]Butyryl,ALDOA,HUMAN,Post-translational,False
1206,7222,K,42,[1289]Butyryl,ALDOA,HUMAN,Post-translational,False
1207,7249,T,119,[1426]Hex(1)Pent(1),ALDOA,HUMAN,O-linked glycosylation,False
1208,7250,S,176,[1426]Hex(1)Pent(1),ALDOA,HUMAN,O-linked glycosylation,False
1209,7251,T,119,[143]HexNAc(2),ALDOA,HUMAN,O-linked glycosylation,False
1210,7252,S,160,[143]HexNAc(2),ALDOA,HUMAN,O-linked glycosylation,False
1211,7253,N,181,[143]HexNAc(2),ALDOA,HUMAN,N-linked glycosylation,False
1212,7276,C,73,[376]Hydroxyfarnesyl,ALDOA,HUMAN,Post-translational,False
1213,7277,C,339,[376]Hydroxyfarnesyl,ALDOA,HUMAN,Post-translational,False
1214,7278,K,28,[381]Lys->AminoadipicAcid,ALDOA,HUMAN,Post-translational,False
1215,7279,K,230,[381]Lys->AminoadipicAcid,ALDOA,HUMAN,Post-translational,False
1216,7280,Y,174,[392]Quinone,ALDOA,HUMAN,Post-translational,False
1217,7281,Y,364,[392]Quinone,ALDOA,HUMAN,Post-translational,False
1218,7282,E,188,[396]GlycerylPE,ALDOA,HUMAN,Post-translational,False
1219,7283,E,225,[396]GlycerylPE,ALDOA,HUMAN,Post-translational,False
1220,7284,K,153,[3]Biotin,ALDOA,HUMAN,Post-translational,False
1221,7286,K,230,[3]Biotin,ALDOA,HUMAN,Post-translational,False
1222,7287,K,342,[3]Biotin,ALDOA,HUMAN,Post-translational,False
1223,7288,P,26,[408]Glycosyl,ALDOA,HUMAN,Other glycosylation,False
1224,7289,P,72,[408]Glycosyl,ALDOA,HUMAN,Other glycosylation,False
1225,7290,P,185,[408]Glycosyl,ALDOA,HUMAN,Other glycosylation,False
1226,7291,C,73,[438]Cyano,ALDOA,HUMAN,Post-translational,False
1227,7292,C,178,[438]Cyano,ALDOA,HUMAN,Post-translational,False
1228,7293,E,166,[451]GluGlu,ALDOA,HUMAN,Post-translational,False
1229,7294,E,277,[451]GluGlu,ALDOA,HUMAN,Post-translational,False
1230,7295,E,188,[452]GluGluGlu,ALDOA,HUMAN,Post-translational,False
1231,7296,E,277,[452]GluGluGlu,ALDOA,HUMAN,Post-translational,False
1232,7297,T,119,[512]Hex(2),ALDOA,HUMAN,O-linked glycosylation,False
1233,7298,S,160,[512]Hex(2),ALDOA,HUMAN,O-linked glycosylation,False
1234,7299,C,73,[685]NA-LNO2,ALDOA,HUMAN,Post-translational,False
1235,7300,C,178,[685]NA-LNO2,ALDOA,HUMAN,Post-translational,False
1236,7314,T,119,[793]Hex(1)HexNAc(1),ALDOA,HUMAN,O-linked glycosylation,False
1237,7315,N,120,[793]Hex(1)HexNAc(1),ALDOA,HUMAN,N-linked glycosylation,False
1238,7316,N,181,[793]Hex(1)HexNAc(1),ALDOA,HUMAN,N-linked glycosylation,False
1239,7317,G,195,[822]Gly-loss+Amide,ALDOA,HUMAN,Post-translational,False
1240,7318,G,226,[822]Gly-loss+Amide,ALDOA,HUMAN,Post-translational,False
1241,7323,M,165,[885]Label:13C(1)2H(3)+Oxidation,ALDOA,HUMAN,Multiple,False
1242,7324,M,233,[885]Label:13C(1)2H(3)+Oxidation,ALDOA,HUMAN,Multiple,False
1243,7325,K,28,[903]Lys->CamCys,ALDOA,HUMAN,Pre-translational,False
1244,7326,K,230,[903]Lys->CamCys,ALDOA,HUMAN,Pre-translational,False
1245,7400,C,43,[1327]SulfurDioxide,HNRNPA1,HUMAN,Post-translational,False
1246,7401,C,175,[1327]SulfurDioxide,HNRNPA1,HUMAN,Post-translational,False
1247,7402,D,42,[1356]phosphoRibosyl,HNRNPA1,HUMAN,Post-translational,False
1248,7403,R,336,[1356]phosphoRibosyl,HNRNPA1,HUMAN,Post-translational,False
1249,7424,C,43,[312]Cysteinyl,HNRNPA1,HUMAN,Multiple,False
1250,7425,C,175,[312]Cysteinyl,HNRNPA1,HUMAN,Multiple,False
1251,7430,H,156,[375]Diphthamide,HNRNPA1,HUMAN,Post-translational,False
1252,7431,C,43,[382]Cys->PyruvicAcid,HNRNPA1,HUMAN,Post-translational,False
1253,7432,C,175,[382]Cys->PyruvicAcid,HNRNPA1,HUMAN,Post-translational,False
1254,7433,N,201,[414]Hydroxymethyl,HNRNPA1,HUMAN,Post-translational,False
1255,7434,N,353,[414]Hydroxymethyl,HNRNPA1,HUMAN,Post-translational,False
1256,7435,Y,347,[417]PhosphoUridine,HNRNPA1,HUMAN,Post-translational,False
1257,7436,Y,357,[417]PhosphoUridine,HNRNPA1,HUMAN,Post-translational,False
1258,7437,C,43,[438]Cyano,HNRNPA1,HUMAN,Post-translational,False
1259,7438,C,175,[438]Cyano,HNRNPA1,HUMAN,Post-translational,False
1260,7439,T,61,[43]HexNAc,HNRNPA1,HUMAN,O-linked glycosylation,False
1261,7440,N,171,[43]HexNAc,HNRNPA1,HUMAN,N-linked glycosylation,False
1262,7441,E,114,[450]Glu,HNRNPA1,HUMAN,Post-translational,False
1263,7442,E,118,[450]Glu,HNRNPA1,HUMAN,Post-translational,False
1264,7443,C,43,[55]Glutathione,HNRNPA1,HUMAN,Post-translational,False
1265,7444,C,175,[55]Glutathione,HNRNPA1,HUMAN,Post-translational,False
1266,7452,G,38,[822]Gly-loss+Amide,HNRNPA1,HUMAN,Post-translational,False
1267,7453,G,355,[822]Gly-loss+Amide,HNRNPA1,HUMAN,Post-translational,False
1268,7458,F,17,[904]Phe->CamCys,HNRNPA1,HUMAN,Pre-translational,False
1269,7459,F,59,[904]Phe->CamCys,HNRNPA1,HUMAN,Pre-translational,False
1270,7462,K,350,[948]LG-anhyropyrrole,HNRNPA1,HUMAN,Post-translational,False
1271,7706,T,498,[1419]15N-oxobutanoic,DDX3X,HUMAN,Post-translational,False
1272,7707,S,605,[1419]15N-oxobutanoic,DDX3X,HUMAN,Post-translational,False
1273,7715,F,234,[904]Phe->CamCys,DDX3X,HUMAN,Pre-translational,False
1274,7716,F,516,[904]Phe->CamCys,DDX3X,HUMAN,Pre-translational,False
1275,7718,K,511,[747]Malonyl,DDX3X,HUMAN,Post-translational,False
1276,7723,G,153,[420]Carboxy->Thiocarboxy,DDX3X,HUMAN,Post-translational,False
1277,7724,G,356,[420]Carboxy->Thiocarboxy,DDX3X,HUMAN,Post-translational,False
1278,7727,C,298,[41]Hex,DDX3X,HUMAN,Other glycosylation,False
1279,7728,K,554,[41]Hex,DDX3X,HUMAN,Other glycosylation,False
1280,7729,C,298,[382]Cys->PyruvicAcid,DDX3X,HUMAN,Post-translational,False
1281,7730,C,468,[382]Cys->PyruvicAcid,DDX3X,HUMAN,Post-translational,False
1282,7731,C,317,[376]Hydroxyfarnesyl,DDX3X,HUMAN,Post-translational,False
1283,7732,C,468,[376]Hydroxyfarnesyl,DDX3X,HUMAN,Post-translational,False
1284,7739,C,298,[1327]SulfurDioxide,DDX3X,HUMAN,Post-translational,False
1285,7740,C,468,[1327]SulfurDioxide,DDX3X,HUMAN,Post-translational,False
1286,7805,K,564,[946]LG-anhydrolactam,DDX3X,HUMAN,Post-translational,False
1287,7828,K,511,[445]Hydroxytrimethyl,DDX3X,HUMAN,Post-translational,False
1288,7829,C,223,[440]Amidino,DDX3X,HUMAN,Post-translational,False
1289,7830,C,468,[438]Cyano,DDX3X,HUMAN,Post-translational,False
1290,7831,S,470,[419]Glycerophospho,DDX3X,HUMAN,Post-translational,False
1291,7832,P,568,[408]Glycosyl,DDX3X,HUMAN,Other glycosylation,True
1292,7834,W,60,[392]Quinone,DDX3X,HUMAN,Post-translational,False
1293,7835,H,463,[375]Diphthamide,DDX3X,HUMAN,Post-translational,False
1294,7846,S,520,[1432]Hex(1)NeuGc(1),DDX3X,HUMAN,O-linked glycosylation,False
1295,7849,K,564,[1389]HN3_mustard,DDX3X,HUMAN,Post-translational,False
1296,8104,N,73,[910]Bacillosamine,HNRNPA1,HUMAN,N-linked glycosylation,False
1297,8105,K,15,[907]Galactosyl,HNRNPA1,HUMAN,Other glycosylation,False
1298,8108,M,72,[885]Label:13C(1)2H(3)+Oxidation,HNRNPA1,HUMAN,Multiple,False
1299,8109,C,43,[849]cGMP,HNRNPA1,HUMAN,Post-translational,False
1300,8129,S,360,[54]Glucuronyl,HNRNPA1,HUMAN,O-linked glycosylation,False
1301,8134,S,337,[512]Hex(2),HNRNPA1,HUMAN,O-linked glycosylation,False
1302,8136,K,113,[504]LG-Hlactam-K,HNRNPA1,HUMAN,Post-translational,False
1303,8137,K,130,[503]LG-lactam-K,HNRNPA1,HUMAN,Post-translational,False
1304,8142,T,61,[490]Hep,HNRNPA1,HUMAN,O-linked glycosylation,False
1305,8143,G,19,[45]Myristoyl,HNRNPA1,HUMAN,Post-translational,False
1306,8144,K,166,[445]Hydroxytrimethyl,HNRNPA1,HUMAN,Post-translational,False
1307,8145,C,43,[440]Amidino,HNRNPA1,HUMAN,Post-translational,False
1308,8146,T,41,[429]PhosphoHex,HNRNPA1,HUMAN,O-linked glycosylation,False
1309,8147,C,175,[409]FMNH,HNRNPA1,HUMAN,Post-translational,False
1310,8149,C,43,[374]Dehydro,HNRNPA1,HUMAN,Multiple,False
1311,8152,K,350,[352]Lys->Allysine,HNRNPA1,HUMAN,Post-translational,False
1312,8158,N,171,[295]dHex,HNRNPA1,HUMAN,N-linked glycosylation,False
1313,8168,T,41,[1931]Pent(1)HexNAc(1),HNRNPA1,HUMAN,O-linked glycosylation,False
1314,8173,T,39,[1843]PhosphoCytidine,HNRNPA1,HUMAN,Post-translational,False
1315,8179,S,337,[143]HexNAc(2),HNRNPA1,HUMAN,O-linked glycosylation,False
1316,8181,A,63,[1400]MurNAc,HNRNPA1,HUMAN,Other glycosylation,False
1317,8184,K,145,[1388]HN2_mustard,HNRNPA1,HUMAN,Post-translational,False
1318,8185,S,360,[1367]dHex(1)Hex(1),HNRNPA1,HUMAN,O-linked glycosylation,False
1319,8186,K,130,[1363]Crotonyl,HNRNPA1,HUMAN,Post-translational,False
1320,8193,K,166,[1270]HCysThiolactone,HNRNPA1,HUMAN,Post-translational,False
1321,8204,K,161,[1043]Acetylhypusine,HNRNPA1,HUMAN,Post-translational,False
1322,8209,K,106,[1848]Gluratylation,TGFB1,HUMAN,Post-translational,False
1323,8212,G,252,[420]Carboxy->Thiocarboxy,TGFB1,HUMAN,Post-translational,False
1324,8216,P,95,[529]Delta:H(5)C(2),TGFB1,HUMAN,Post-translational,False
1325,8217,A,60,[53]HNE,TGFB1,HUMAN,Post-translational,False
1326,8223,C,178,[1017]DMPO,ALDOA,HUMAN,Post-translational,False
1327,8227,K,230,[1043]Acetylhypusine,ALDOA,HUMAN,Post-translational,False
1328,8237,K,230,[1264]pupylation,ALDOA,HUMAN,Post-translational,False
1329,8238,C,73,[1271]HCysteinyl,ALDOA,HUMAN,Post-translational,False
1330,8244,C,135,[1355]azole,ALDOA,HUMAN,Post-translational,False
1331,8245,K,230,[1363]Crotonyl,ALDOA,HUMAN,Post-translational,False
1332,8246,T,119,[1375]dHex(1)Hex(2),ALDOA,HUMAN,O-linked glycosylation,False
1333,8249,S,176,[1412]s-GlcNAc,ALDOA,HUMAN,O-linked glycosylation,False
1334,8250,N,181,[1413]PhosphoHex(2),ALDOA,HUMAN,N-linked glycosylation,False
1335,8251,T,119,[1428]Hex(1)Pent(2),ALDOA,HUMAN,O-linked glycosylation,False
1336,8252,S,160,[142]HexNAc(1)dHex(1),ALDOA,HUMAN,O-linked glycosylation,False
1337,8253,T,119,[1434]HexNAc(1)NeuAc(1),ALDOA,HUMAN,O-linked glycosylation,False
1338,8254,T,119,[144]Hex(3),ALDOA,HUMAN,O-linked glycosylation,False
1339,8261,T,119,[1933]Hex(1)Pent(2)Me(1),ALDOA,HUMAN,O-linked glycosylation,False
1340,8276,C,178,[374]Dehydro,ALDOA,HUMAN,Multiple,False
1341,8277,K,230,[379]Hypusine,ALDOA,HUMAN,Post-translational,False
1342,8281,Y,174,[417]PhosphoUridine,ALDOA,HUMAN,Post-translational,False
1343,8282,S,176,[419]Glycerophospho,ALDOA,HUMAN,Post-translational,False
1344,8283,C,178,[423]Delta:Se(1),ALDOA,HUMAN,Post-translational,False
1345,8284,T,227,[426]Octanoyl,ALDOA,HUMAN,Post-translational,False
1346,8285,K,230,[433]Didehydroretinylidene,ALDOA,HUMAN,Post-translational,False
1347,8286,K,230,[435]Methylpyrroline,ALDOA,HUMAN,Post-translational,False
1348,8287,T,119,[442]FMN,ALDOA,HUMAN,Post-translational,False
1349,8288,E,122,[450]Glu,ALDOA,HUMAN,Post-translational,False
1350,8291,K,230,[46]PyridoxalPhosphate,ALDOA,HUMAN,Post-translational,False
1351,8293,K,153,[47]Palmitoyl,ALDOA,HUMAN,Post-translational,False
1352,8295,S,176,[49]Phosphopantetheine,ALDOA,HUMAN,Post-translational,False
1353,8301,K,153,[504]LG-Hlactam-K,ALDOA,HUMAN,Post-translational,False
1354,8302,R,69,[506]LG-Hlactam-R,ALDOA,HUMAN,Post-translational,False
1355,8304,S,176,[54]Glucuronyl,ALDOA,HUMAN,O-linked glycosylation,False
1356,8310,H,157,[686]NA-OA-NO2,ALDOA,HUMAN,Post-translational,False
1357,8316,R,69,[830]Dihydroxyimidazolidine,ALDOA,HUMAN,Multiple,False
1358,8317,S,160,[849]cGMP,ALDOA,HUMAN,Post-translational,False
1359,8318,C,178,[851]cGMP+RMP-loss,ALDOA,HUMAN,Post-translational,False
1360,8319,T,266,[898]pyrophospho,ALDOA,HUMAN,Post-translational,False
1361,8322,C,178,[902]DimethylArsino,ALDOA,HUMAN,Post-translational,False
1362,8323,F,270,[904]Phe->CamCys,ALDOA,HUMAN,Pre-translational,False
1363,8324,K,230,[906]Lys->MetOx,ALDOA,HUMAN,Pre-translational,False
1364,8325,K,28,[907]Galactosyl,ALDOA,HUMAN,Other glycosylation,False
1365,8326,K,111,[907]Galactosyl,ALDOA,HUMAN,Other glycosylation,False
1366,8330,K,230,[946]LG-anhydrolactam,ALDOA,HUMAN,Post-translational,False
1367,8332,K,111,[947]LG-pyrrole,ALDOA,HUMAN,Post-translational,False
1368,8342,N,232,[9999]Hex-N-acetyl-D-glucosamine,ALDOA,HUMAN,glyco,False
